"Timestamp","TANGGAL PENDISTRIBUSIAN","NAMA KECAMATAN","NAMA DESA","KARTU YANG DIBAWA DARI CABANG","KARTU BPNT YANG TERSALURKAN","KARTU BPNT YANG TIDAK TERSALURKAN","KARTU BPNT YANG DOUBLE","NAMA PIC"
"2018/07/04 11:33:49 PM MDT","2018-07-04","LELES","DANO","75","34","41","0","SUBHAN"
"2018/07/04 11:34:33 PM MDT","2018-07-04","LELES","CIPANCAR","24","1","23","0","SUBHAN"
"2018/07/04 11:35:22 PM MDT","2018-07-04","LELES","CIBURIAL","12","4","8","0","SUBHAN"
"2018/07/04 11:36:14 PM MDT","2018-07-04","LELES","KANDANGMUKTI","1","1","0","0","SUBHAN"
"2018/07/04 11:36:57 PM MDT","2018-07-04","LELES","SALAMNUNGGAL","10","8","2","0","SUBHAN"
"2018/07/04 11:37:37 PM MDT","2018-07-04","LELES","LEMBANG","17","9","8","0","SUBHAN"
"2018/07/04 11:40:01 PM MDT","2018-07-04","LELES","JANGKURANG","17","1","2","14","SUBHAN"
"2018/07/04 11:40:53 PM MDT","2018-07-04","LELES","CANGKUANG","26","26","0","0","SUBHAN"
"2018/07/04 11:42:39 PM MDT","2018-07-04","LELES","HARUMAN","70","0","70","0","SUBHAN"
"2018/07/04 11:43:31 PM MDT","2018-07-04","LELES","MARGALUYU","22","0","22","0","SUBHAN"
"2018/07/04 11:44:15 PM MDT","2018-07-04","LELES","SUKARAME","6","0","6","0","SUBHAN"
"2018/07/04 11:44:52 PM MDT","2018-07-04","LELES","LELES","5","0","5","0","SUBHAN"
"2018/07/05 8:41:45 AM MDT","2018-07-04","KARANGTENGAH","DESA CARINGIN","54 ","32","22","0","YUDI"
"2018/07/05 8:51:18 AM MDT","2018-07-04","KARANGTENGAH","CINTA","29","24","5","2 ","YUDI"
"2018/07/05 8:55:43 AM MDT","2018-07-04","KARANGTENGAH","CINTA MANIK","48","0","0","0","YUDI"
"2018/07/05 9:00:45 AM MDT","2018-07-04","KARANGTENGAH","SINDANGGALIH","61","53","8","0","YUDI"
"2018/07/05 10:53:33 AM MDT","2018-07-05","SELAAWI","MEKARSARI","13","10","3","3","YUDI"
"2018/07/05 10:58:00 AM MDT","2018-07-05","SELAAWI","SELAAWI","17","9","8","0","YUDI"
"2018/07/05 10:59:49 AM MDT","2018-07-05","SELAAWI","PUTRAJAWA","3","3","0","0","YUDI"
"2018/07/05 11:01:21 AM MDT","2018-07-05","SELAAWI","PELITAASIH ","13","9","4","4","YUDI"
"2018/07/05 11:02:33 AM MDT","2018-07-05","SELAAWI","CIRAPUHAN","1","1","0","0","YUDI"
"2018/07/05 11:03:51 AM MDT","2018-07-05","SELAAWI","SAMIDA","5","2","3","0","YUDI"
"2018/07/05 11:05:06 AM MDT","2018-07-05","SELAAWI","CIGAWIR","18","2","16","0","YUDI"
"2018/07/05 11:18:04 AM MDT","2018-07-05","LEUWIGOONG","DUNGUSIKU","12","5","7","0","YUDI"
"2018/07/05 11:19:46 AM MDT","2018-07-05","LEUWIGOONG","SINDANGSARI","47","23","24","0","YUDI"
"2018/07/05 11:21:04 AM MDT","2018-07-05","LEUWIGOONG","TAMBAKSARI","18","18","0","0","YUDI"
"2018/07/05 11:22:24 AM MDT","2018-07-05","LEUWIGOONG","MARGACINTA","12","0","12","0","YUDI"
"2018/07/05 11:23:52 AM MDT","2018-07-05","LEUWIGOONG","MARGAHAYU","18","0","18","0","YUDI"
"2018/07/05 11:25:16 AM MDT","2018-07-05","LEUWIGOONG","LEWIGOONG","20","0","20","0","YUDI"
"2018/07/05 11:26:30 AM MDT","2018-07-05","LEUWIGOONG","KARANGSARI","33","12","21","0","YUDI"
"2018/07/05 11:27:34 AM MDT","2018-07-05","LEUWIGOONG","KARANGANYAR","24","20","4","0","YUDI"
"2018/07/06 4:07:06 AM MDT","2018-07-06","SAMARANG","SUKALAKSANA","33","33","0","16","EDU"
"2018/07/06 4:09:06 AM MDT","2018-07-06","SAMARANG","CINTAASIH","50","33","3","17","EDU"
"2018/07/06 4:10:25 AM MDT","2018-07-06","SAMARANG","SUKALAKSANA FIKS","49","33","0","16","EDU"
"2018/07/06 4:11:37 AM MDT","2018-07-06","SAMARANG","CINTARASA","64","51","1","14","EDU"
"2018/07/06 4:15:20 AM MDT","2018-07-06","SAMARANG","SUKARASA","43","22","5","16","EDU"
"2018/07/08 11:32:29 AM MDT","2018-07-06","KARANGTENGAH","CINTA SISA ","5","0","0","0","YUDI"
"2018/07/08 11:33:21 AM MDT","2018-07-06","KARANGTENGAH","SINDANGGALIH SISA","8","8","0","0","YUDI"
"2018/07/08 7:10:44 PM MDT","2018-07-05","GARUTKOTA","SUKANEGLA","111","72","30","9","SUBHAN"
"2018/07/08 7:22:36 PM MDT","2018-07-05","GARUTKOTA","PAMINGGIR","40","13","20","7","SUBHAN"
"2018/07/08 7:23:45 PM MDT","2018-07-05","GARUTKOTA","KOTAWETAN","109","44","62","3","SUBHAN"
"2018/07/08 7:24:57 PM MDT","2018-07-05","GARUTKOTA","REGOL","55","34","19","2","SUBHAN"
"2018/07/08 7:25:36 PM MDT","2018-07-05","GARUTKOTA","MUARASANDING","61","12","48","1","SUBHAN"
"2018/07/08 7:26:35 PM MDT","2018-07-05","GARUTKOTA","CIWALEN","22","19","0","3","SUBHAN"
"2018/07/08 7:27:13 PM MDT","2018-07-05","GARUTKOTA","MARGAWATI","84","10","70","4","SUBHAN"
"2018/07/08 7:27:45 PM MDT","2018-07-05","GARUTKOTA","PAKUWON","33","11","19","3","SUBHAN"
"2018/07/08 7:28:53 PM MDT","2018-07-05","GARUTKOTA","CIMUNCANG","108","37","56","15","SUBHAN"
"2018/07/08 7:29:42 PM MDT","2018-07-05","GARUTKOTA","KOTAKULON","112","70","41","1","SUBHAN"
"2018/07/08 7:30:36 PM MDT","2018-07-05","GARUTKOTA","SUKAMANTRI","60","30","28","2","SUBHAN"
"2018/07/08 7:34:15 PM MDT","2018-07-07","CIGEDUG","SUKAHURIP","26","12","12","2","SUBHAN"
"2018/07/08 7:34:52 PM MDT","2018-07-07","CIGEDUG","SINDANGSARI","15","3","12","0","SUBHAN"
"2018/07/09 4:40:28 AM MDT","2018-07-09","SUKAWENING","Mekarluyu","18","18","0","0","HILMAN"
"2018/07/09 4:42:57 AM MDT","2018-07-09","SUKAWENING","Pasanggrahan","9","6","3","0","HILMAN"
"2018/07/09 4:44:39 AM MDT","2018-07-09","SUKAWENING","MARIPARi","12","7","5","0","HILMAN"
"2018/07/09 4:46:57 AM MDT","2018-07-09","SUKAWENING","SUKAMUKTi","3","3","0","2","HILMAN"
"2018/07/09 4:49:42 AM MDT","2018-07-09","SUKAWENING","MEKARWANGI","7","7","0","0","HILMAN"
"2018/07/09 10:29:17 AM MDT","2018-09-07","SINGAJAYA","Singajaya","74","33","41","0","FAJRI"
"2018/07/09 10:31:59 AM MDT","2018-09-07","SINGAJAYA","Cigintung","40","31","9","0","FAJRI"
"2018/07/09 10:33:16 AM MDT","2018-09-07","SINGAJAYA","Mekartani","17","10","7","0","FAJRI"
"2018/07/09 10:34:33 AM MDT","2018-09-07","SINGAJAYA","Pancasura","56","18","38","0","FAJRI"
"2018/07/09 10:38:04 AM MDT","2018-07-09","SINGAJAYA","Sukamulya","58","5","53","0","FAJRI"
"2018/07/09 10:39:01 AM MDT","2018-07-09","SINGAJAYA","Ciudian","78","48","30","0","FAJRI"
"2018/07/09 10:39:57 AM MDT","2018-07-09","SINGAJAYA","Karangagung","6","0","0","0","FAJRI"
"2018/07/09 10:41:04 AM MDT","2018-07-09","SINGAJAYA","Sukawangi","68","0","0","0","FAJRI"
"2018/07/09 10:42:07 AM MDT","2018-07-09","SINGAJAYA","Mekartani","7","0","7","0","FAJRI"
"2018/07/09 10:43:23 AM MDT","2018-07-09","SINGAJAYA","Girimukti","14","14","0","0","FAJRI"
"2018/07/09 10:49:57 AM MDT","2018-07-04","BANYURESMI","BANYURESMI","21","17","4","0","FAJRI"
"2018/07/09 10:50:50 AM MDT","2018-07-04","BANYURESMI","BINAKARYA","20","20","0","0","FAJRI"
"2018/07/09 10:53:03 AM MDT","2018-07-04","BANYURESMI","CIPICUNG","51","49","2","0","FAJRI"
"2018/07/09 10:54:02 AM MDT","2018-07-04","BANYURESMI","DANGDEUR","8","8","0","0","FAJRI"
"2018/07/09 10:55:03 AM MDT","2018-07-04","BANYURESMI","KARYAMUKTI","19","19","0","0","FAJRI"
"2018/07/09 10:55:56 AM MDT","2018-07-04","BANYURESMI","KARYASARI","8","8","0","0","FAJRI"
"2018/07/09 10:56:40 AM MDT","2018-07-04","BANYURESMI","PAMEKARSARI","3","3","0","0","FAJRI"
"2018/07/09 10:57:46 AM MDT","2018-07-04","BANYURESMI","SUKAKARYA","36","0","36","0","FAJRI"
"2018/07/09 10:58:38 AM MDT","2018-07-04","BANYURESMI","SUKALAKSANA","35","35","0","0","FAJRI"
"2018/07/09 10:59:25 AM MDT","2018-07-04","BANYURESMI","SUKAMUKTI","10","10","0","0","FAJRI"
"2018/07/09 11:00:17 AM MDT","2018-07-04","BANYURESMI","SUKARAJA","35","0","35","0","FAJRI"
"2018/07/09 11:01:29 AM MDT","2018-07-04","BANYURESMI","SUKARATU","56","43","13","0","FAJRI"
"2018/07/09 11:02:21 AM MDT","2018-07-04","BANYURESMI","SUKASENANG","48","48","0","0","FAJRI"
"2018/07/10 2:52:49 AM MDT","2018-07-10","CISURUPAN","TAMBAK BAYA","59","43","16","0","HILMAN"
"2018/07/10 2:54:12 AM MDT","2018-07-10","CISURUPAN","SIRNAJAYa","55","14","40","1","HILMAN"
"2018/07/10 2:54:12 AM MDT","2018-07-10","CISURUPAN","SIRNAJAYa","55","14","40","1","HILMAN"
"2018/07/10 3:22:19 AM MDT","2018-07-10","BAYONGBONG","BAYONGBONG","21","17","4","0","HILMAN"
"2018/07/10 3:24:48 AM MDT","2018-07-10","BAYONGBONG","SUKASENANG","49","35","14","0","HILMAN"
"2018/07/10 3:25:57 AM MDT","2018-07-10","BAYONGBONG","KARYAJAYA","20","15","5","0","HILMAN"
"2018/07/10 3:26:46 AM MDT","2018-07-10","BAYONGBONG","CIBURUY","6","6","0","0","HILMAN"
"2018/07/10 11:27:39 AM MDT","2018-07-10","CIHURIP","Cisangkal","22","4","18","0","FAJRI"
"2018/07/10 11:28:34 AM MDT","2018-07-19","CIHURIP","Jayamukti","134","29","105","0","FAJRI"
"2018/07/10 11:29:18 AM MDT","2018-07-10","CIHURIP","Mekarwangi","39","12","27","0","FAJRI"
"2018/07/10 11:30:00 AM MDT","2018-07-10","CIHURIP","Cihurip","41","8","33","0","FAJRI"
"2018/07/11 4:44:39 PM MDT","2018-07-11","MEKARMUKTI","Cijayana","81","52","29","0","FAJRI"
"2018/07/11 4:46:00 PM MDT","2018-07-11","MEKARMUKTI","Mekarsari","15","13","2","0","FAJRI"
"2018/07/11 4:47:27 PM MDT","2018-07-11","MEKARMUKTI","Mekarmukti","90","51","39","0","FAJRI"
"2018/07/11 4:48:30 PM MDT","2018-07-11","MEKARMUKTI","Jagabaya","15","7","8","0","FAJRI"
"2018/07/11 4:50:07 PM MDT","2018-07-11","MEKARMUKTI","Karangwangi","38","38","0","0","FAJRI"
"2018/07/11 8:00:12 PM MDT","2018-07-11","WANARAJA","SUKAMENAK","84","47","37","19","HILMAN"
"2018/07/11 8:01:18 PM MDT","2018-07-11","WANARAJA","WANARAJA","29","29","0","0","HILMAN"
"2018/07/11 8:02:27 PM MDT","2018-07-11","WANARAJA","SINDANG MEKAR","30","30","0","0","HILMAN"
"2018/07/11 8:04:19 PM MDT","2018-07-11","WANARAJA","WANAJAYA","24","24","0","3","HILMAN"
"2018/07/11 8:05:24 PM MDT","2018-07-11","WANARAJA","WANAMEKAR","32","32","0","20","HILMAN"
"2018/07/11 8:06:20 PM MDT","2018-07-11","WANARAJA","CINUNUK","29","29","0","0","HILMAN"
"2018/07/11 8:07:25 PM MDT","2018-07-11","WANARAJA","SINDANG RATU","45","45","0","0","HILMAN"
"2018/07/11 8:08:52 PM MDT","2018-07-11","WANARAJA","WANASARi","11","11","0","0","HILMAN"
"2018/07/11 8:52:45 PM MDT","2018-07-09","BANJARWANGI","WANGUNJAYA","17","6","10","1","SUBHAN"
"2018/07/11 8:53:25 PM MDT","2018-07-09","BANJARWANGI","PADAHURIP","86","30","56","0","SUBHAN"
"2018/07/11 8:54:11 PM MDT","2018-07-09","BANJARWANGI","TANJUNGJAYA","51","26","25","0","SUBHAN"
"2018/07/11 8:54:51 PM MDT","2018-07-09","BANJARWANGI","BOJONG","61","23","38","0","SUBHAN"
"2018/07/11 8:57:13 PM MDT","2018-07-09","BANJARWANGI","JAYABAKTI","49","0","45","4","SUBHAN"
"2018/07/11 8:57:42 PM MDT","2018-07-09","BANJARWANGI","DANGIANG","71","1","70","0","SUBHAN"
"2018/07/11 8:58:15 PM MDT","2018-07-09","BANJARWANGI","KADONGDONG","1","1","0","0","SUBHAN"
"2018/07/11 8:59:11 PM MDT","2018-07-09","BANJARWANGI","MULYAJAYA","38","26","12","0","SUBHAN"
"2018/07/11 9:00:02 PM MDT","2018-07-09","BANJARWANGI","BANJARWANGI","19","2","12","5","SUBHAN"
"2018/07/11 9:00:40 PM MDT","2018-07-09","BANJARWANGI","TALAGAJAYA","8","8","0","0","SUBHAN"
"2018/07/11 9:01:17 PM MDT","2018-07-09","BANJARWANGI","TALAGASARI","68","48","20","0","SUBHAN"
"2018/07/11 9:37:07 PM MDT","2018-07-10","PEUNDEUY","SARIBAKTI","12","12","0","0","SUBHAN"
"2018/07/11 9:38:39 PM MDT","2018-07-10","PEUNDEUY","TOBLONG","24","24","0","0","SUBHAN"
"2018/07/11 9:39:22 PM MDT","2018-07-10","PEUNDEUY","SUKANAGARA","21","21","0","0","SUBHAN"
"2018/07/11 9:45:07 PM MDT","2018-07-11","CARINGIN","SUKARAME","90","50","40","0","SUBHAN"
"2018/07/11 9:45:48 PM MDT","2018-07-11","CARINGIN","SAMUDRAJAYA","39","29","8","2","SUBHAN"
"2018/07/11 9:47:48 PM MDT","2018-07-11","CARINGIN","INDRALAYANG","4","4","0","0","SUBHAN"
"2018/07/11 9:49:29 PM MDT","2018-07-11","CARINGIN","CIMAHI","29","28","1","0","SUBHAN"
"2018/07/11 9:50:03 PM MDT","2018-07-11","CARINGIN","CARINGIN","15","15","0","0","SUBHAN"
"2018/07/11 9:50:54 PM MDT","2018-07-11","CARINGIN","PURBAYANI","55","22","26","7","SUBHAN"
"2018/07/11 10:17:24 PM MDT","2018-07-10","CIHURIP","Cihurip","41","8","33","0","FAJRI"