-- phpMyAdmin SQL Dump
-- version 4.8.1
-- https://www.phpmyadmin.net/
--
-- Host: 127.0.0.1
-- Generation Time: Aug 24, 2018 at 06:01 AM
-- Server version: 10.1.33-MariaDB
-- PHP Version: 7.2.6

SET SQL_MODE = "NO_AUTO_VALUE_ON_ZERO";
SET AUTOCOMMIT = 0;
START TRANSACTION;
SET time_zone = "+00:00";


/*!40101 SET @OLD_CHARACTER_SET_CLIENT=@@CHARACTER_SET_CLIENT */;
/*!40101 SET @OLD_CHARACTER_SET_RESULTS=@@CHARACTER_SET_RESULTS */;
/*!40101 SET @OLD_COLLATION_CONNECTION=@@COLLATION_CONNECTION */;
/*!40101 SET NAMES utf8mb4 */;

--
-- Database: `bansos`
--

-- --------------------------------------------------------

--
-- Table structure for table `agen`
--

CREATE TABLE `agen` (
  `kode_agen` varchar(15) NOT NULL,
  `nama_agen` varchar(30) NOT NULL,
  `no_ktp` text NOT NULL,
  `alamat` varchar(50) NOT NULL,
  `rt_rw` varchar(10) NOT NULL,
  `kabupaten` varchar(20) NOT NULL,
  `kecamatan` varchar(20) NOT NULL,
  `kelurahan` varchar(20) NOT NULL,
  `kode_pos` int(11) NOT NULL,
  `no_handphone` text NOT NULL,
  `email` varchar(30) NOT NULL,
  `edc` tinyint(1) NOT NULL,
  `bpnt` tinyint(1) NOT NULL,
  `mou` tinyint(1) NOT NULL,
  `foto` varchar(255) NOT NULL,
  `kelayakan` tinyint(1) NOT NULL,
  `last_update` varchar(50) NOT NULL,
  `data_created` date NOT NULL
) ENGINE=InnoDB DEFAULT CHARSET=latin1;

-- --------------------------------------------------------

--
-- Table structure for table `agen_temp`
--

CREATE TABLE `agen_temp` (
  `kode_agen` varchar(15) NOT NULL,
  `nama_agen` varchar(30) NOT NULL,
  `no_ktp` text NOT NULL,
  `alamat` varchar(50) NOT NULL,
  `rt_rw` varchar(10) NOT NULL,
  `kabupaten` varchar(20) NOT NULL,
  `kecamatan` varchar(20) NOT NULL,
  `kelurahan` varchar(20) NOT NULL,
  `kode_pos` int(11) NOT NULL,
  `no_handphone` text NOT NULL,
  `email` varchar(30) NOT NULL,
  `edc` tinyint(1) NOT NULL,
  `bpnt` tinyint(1) NOT NULL,
  `mou` tinyint(1) NOT NULL,
  `foto` varchar(255) NOT NULL,
  `kelayakan` tinyint(1) NOT NULL,
  `last_update` varchar(50) NOT NULL,
  `data_created` varchar(50) NOT NULL,
  `upload_check` tinyint(1) NOT NULL
) ENGINE=InnoDB DEFAULT CHARSET=latin1;

--
-- Dumping data for table `agen_temp`
--

INSERT INTO `agen_temp` (`kode_agen`, `nama_agen`, `no_ktp`, `alamat`, `rt_rw`, `kabupaten`, `kecamatan`, `kelurahan`, `kode_pos`, `no_handphone`, `email`, `edc`, `bpnt`, `mou`, `foto`, `kelayakan`, `last_update`, `data_created`, `upload_check`) VALUES
('BNI102164799', 'SATIANI', '3205285105850001', 'KP CISOMPET', '01/02', 'Kab Garut', 'CISOMPET', 'CISOMPET', 44174, '082316252193', 'asepsetiani204@gmail.com', 1, 1, 1, '0', 0, '', '', 0),
('BNI102164800', 'R ESTY ISMAYANTI', '3205094605820007', 'JL KIANSANTANG NO 8', '003/004', 'Kab Garut', 'LELES', 'SALAMNUNGGAL', 44152, '081214629675', 'estyesty06@gmail.com', 1, 1, 1, '0', 0, '', '', 0),
('BNI102164801', 'WINNA', '3205146412800006', 'Kp. SINDANGSARI', '002/003', 'Kab Garut', 'MALANGBONG', 'SEKARWANGI', 44188, '085318900340', 'winna.dede@gmail.com', 1, 1, 1, '0', 1, '', '', 0),
('BNI102164802', 'SISKA LESTARI', '3205096801960004', 'KP SUMUR', '003/008', 'Kab Garut', 'LELES', 'CANGKUANG', 44119, '082116024379', 'lestarisiska89@gmail.com', 1, 1, 1, '0', 0, '', '', 0),
('BNI102164803', 'ASEP RESA BAEHAKI', '3205290202920001', 'Kp. WANASARI', '002/004', 'Kab Garut', 'CIBALONG', 'MEKARSARI', 44176, '082118779014', 'rezabaehaki@gmail.com', 1, 1, 0, '0', 0, '', '', 0),
('BNI102164804', 'MAMAN SUTARMAN', '3205090107310011', 'KP BABAKAN SARI', '002/008', 'Kab Garut', 'LELES', 'LELES', 44152, '081312659338', 'tokoleles2018@gmail.com', 1, 1, 0, '0', 0, '', '', 0),
('BNI102164805', 'YAYAN SOPIAN', '3205392602760001', 'Kp. BAEUD', '003/001', 'Kab Garut', 'SELAAWI', 'SAMIDA', 44187, '081213432032', 'hilmanagustyan@gmail.com', 1, 1, 0, '0', 0, '', '', 0),
('BNI102164806', 'TETI SURYATI', '3205356707740001', 'KP KATULAMPA', '003/001', 'Kab Garut', 'CISEWU', 'MEKARSEWU', 44166, '082218334868', 'suryatit27@gmail.com', 1, 1, 0, '0', 0, '', '', 0),
('BNI102164807', 'SUZZIE NURAENI', '3205056008840004', 'Kp. MEKARSARI', '005/005', 'Kab Garut', 'TAROGONGKIDUL', 'JAYARAGA', 44151, '082319805002', 'suzzienuraeni01@gmail.com', 1, 1, 0, '0', 0, '', '', 0),
('BNI102164808', 'RUHIYAT', '3205021510690006', 'KP BABAKAN', '002/005', 'Kab Garut', 'KARANGPAWITAN', 'SINDANGGALIH', 44182, '085353931777', 'ds.sindanggalih@gmail.com', 1, 1, 1, '0', 1, '', '', 0),
('BNI102164809', 'DANI RAMDANI', '3205011301880001', 'Kp. SAMANGGEN', '001/006', 'Kab Garut', 'WANARAJA', 'WANAJAYA', 44183, '082126183345', 'deniramdaniwaduud@gmail.com', 1, 1, 1, '0', 0, '', '', 0),
('BNI102164858', 'ATEP RISWANDI', '3205063006870002', 'KP CITAMIANG', '001/003', 'Kab Garut', 'BANYURESMI', 'SUKALAKSANA', 44191, '085223313087', 'atepariswandi@gmail.com', 1, 1, 0, '0', 0, '', '', 0),
('BNI102164859', 'ACENG FATHURRAHMAN', '3205281303950002', 'KP. MEKARSARI', '02/01', 'Kab Garut', 'CISOMPET', 'CIHAURKUNING', 44174, '082316252193', 'acengfathurrahman37@gmail.com', 1, 1, 1, '0', 0, '', '', 0),
('BNI102164860', 'RISNA SARI DEWI', '3273176603900002', 'Kp kaduruan', '007/007', 'Kab Garut', 'LELES', 'LEMBANG', 44152, '082217217490', 'risnasaridewi2603@gmail.com', 1, 1, 0, '0', 0, '', '', 0),
('BNI102164861', 'ACEP ANGGI ARIYANTO', '3205263001940001', 'KP LEGOKSARI', '001/003', 'Kab Garut', 'PEUNDEUY', 'PANGRUMASAN', 44178, '081563960771', 'acepanggi01@gmail.com', 1, 1, 0, '0', 0, '', '', 0),
('BNI102164862', 'TAOPIK ABDUL ROHMAN', '3205021111930009', 'Kpm NEGLA', '001/009', 'Kab Garut', 'KARANGPAWITAN', 'SINDANGLAYA', 44182, '081321085752', 'taufiqabdulrohman3@gmail.com', 1, 1, 1, '0', 0, '', '', 0),
('BNI102164863', 'REGI PURNAMA', '3205292503880001', 'Kp. CINTA ASIH', '002/004', 'Kab Garut', 'CIBALONG', 'KARYASARI', 44176, '081222958547', 'regipurn886@gmail.com', 1, 1, 1, '0', 0, '', '', 0),
('BNI102164864', 'UNDANG SULAEMAN', '3205410309760002', 'KP CIHUNI', '001/002', 'Kab Garut', 'PANGATIKAN', 'CIMARAGAS', 44183, '082119388001', 'undangsulaeman@gmail.com', 1, 1, 1, '0', 1, '', '', 0),
('BNI102164865', 'SANSAN SAFARI', '3205310510880005', 'Kp. LAMPING', '004/004', 'Kab Garut', 'BUNGBULANG', 'CIHIKEU', 44165, '082319106651', 'sansansafari5@gmail.com', 1, 1, 0, '0', 0, '', '', 0),
('BNI102164866', 'SARMAN', '3203230106850022', 'KP CIMAHI', '001/005', 'Kab Garut', 'CARINGIN', 'CIMAHI', 44166, '085352468125', 'sarmanomon@gmail.com', 1, 1, 0, '0', 0, '', '', 0),
('BNI102164867', 'DEDEN HAMDAN', '3205090403870008', 'KP BOJONG GEDE', '001/014', 'Kab Garut', 'LELES', 'SUKARAME', 44152, '082316811483', 'arfa4360@gmail.com', 1, 1, 0, '0', 0, '', '', 0),
('BNI102164868', 'BADAR SHOLAH', '3205152407720001', 'KP PASANGGRAHAN', '001/002', 'Kab Garut', 'SUKAWENING', 'PASANGGRAHAN', 44184, '085322018287', 'badarsholah66401@gmail.com', 1, 1, 1, '0', 0, '', '', 0),
('BNI102164870', 'DEDEN MAHARDIKA', '3205021403810002', 'KP. PANGLIGARAN', '01/01', 'Kab Garut', 'CISOMPET', 'DEPOK', 44174, '085322876981', 'mahardikadeden.csp@gmail.com', 1, 1, 1, '0', 0, '', '', 0),
('BNI102164871', 'IYAS SURYANA', '3205150102750001', 'KP GENTENG', '003/005', 'Kab Garut', 'SUKAWENING', 'MEKARWANGI', 44184, '082317647279', 'amikrizki@gmail.com', 1, 1, 1, '0', 1, '', '', 0),
('BNI102164872', 'JAMAL ABDUL NATSIR', '3205280208890001', 'KP. BEURIH', '03/01', 'Kab Garut', 'CISOMPET', 'CIKONDANG', 44174, '081324606677', 'jamalanatsir@gmail.com', 1, 1, 1, '0', 0, '', '', 0),
('BNI102164873', 'U ABDULLAH SIRADJ', '3205120507710004', 'SARADAN', '002/002', 'Kab Garut', 'CIBATU', 'SINDANGSUKA', 44185, '085323518232', 'usepsiradj@gmail.com', 1, 1, 1, '0', 0, '', '', 0),
('BNI102164874', 'WISMAN SURYANA', '3205090605970006', 'KP KANDANG KALER', '003/003', 'Kab Garut', 'LELES', 'KANDANGMUKTI', 44152, '088971023810', 'suryanawisman@gmail.com', 1, 1, 0, '0', 0, '', '', 0),
('BNI102164875', 'MUKTADI', '3205282812700001', 'KP. WAREGU', '01/01', 'Kab Garut', 'CISOMPET', 'SUKANAGARA', 44174, '082321022292', 'kangmuktadi2@gmail.com', 1, 1, 1, '0', 0, '', '', 0),
('BNI102164876', 'R YUSUF AKBAR HIKMATULOH', '3205021206810004', 'Kp. CIHAREUDAY', '001/008', 'Kab Garut', 'CILAWU', 'SUKATANI', 44181, '08382566063', 'yusufakbarfakta@gmail.com', 1, 1, 1, '0', 0, '', '', 0),
('BNI102164877', 'SUNIRTO', '3205021212600003', 'Kp. KOROPEAK', '002/010', 'Kab Garut', 'KARANGPAWITAN', 'SUCIKALER', 44182, '082119566587', 'bapasunirto@gmail.com', 1, 1, 1, '0', 1, '', '', 0),
('BNI102164878', 'OCTRIENI HIDAYAT', '3205105310940002', 'KP PALASARI', '003/010', 'Kab Garut', 'KADUNGORA', 'TALAGASARI', 44153, '082316158323', 'octrienii.occe101217@gmail.com', 1, 1, 0, '0', 0, '', '', 0),
('BNI102164879', 'ADE WAHYUDIN', '3205092911770001', 'KP PALAWIJA', '002/005', 'Kab Garut', 'LELES', 'DANO', 44152, '081563513780', 'adew7116@gmail.com', 1, 1, 0, '0', 0, '', '', 0),
('BNI102164882', 'ASEP NURJAMAN', '3205091112650006', 'Kp. PASIR JAMBU', '004/007', 'Kab Garut', 'LELES', 'LELES', 44152, '082118681111', 'unisoft87@gmail.com', 1, 1, 0, '0', 0, '', '', 0),
('BNI102164883', 'DEDI MEYUTAMA', '3205091405710002', 'KP GALUMPIT KALER', '003/003', 'Kab Garut', 'LELES', 'CIPANCAR', 44152, '085352265749', 'usangcipancar@gmail.com', 1, 1, 0, '0', 0, '', '', 0),
('BNI102164885', 'DILA NADILAWATI', '3205054803980008', 'KP RANCAMAYA', '002/003', 'Kab Garut', 'TAROGONGKIDUL', 'SUKABAKTI', 44151, '089503923338', 'dilanadilawati3@gmail.com', 1, 1, 1, '0', 0, '', '', 0),
('BNI102164887', 'YULI YULIAWATI', '3205015507840008', 'KP NANGOH', '003/009', 'Kab Garut', 'PAMEUNGPEUK', 'PAMEUNGPEUK', 44175, '082319406684', 'agen1pmpk@gmail.com', 1, 1, 1, '0', 0, '', '', 0),
('BNI102164889', 'IMAS AAH', '3205116106710003', 'KP. PINTU', '02/07', 'Kab Garut', 'LEUWIGOONG', 'SINDANGSARI', 44192, '081323999747', 'Imasaa08988@gmail.com', 1, 1, 1, '0', 0, '', '', 0),
('BNI102164891', 'DIDIN ZAINUDIN', '3205141702640001', 'Kp. KUBANG', '001/003', 'Kab Garut', 'MALANGBONG', 'SAKAWAYANA', 44188, '085220790208', 'www.gapaktanbinangkit@gmail.co', 1, 1, 1, '0', 1, '', '', 0),
('BNI102164892', 'ASEP NURAHMAN', '3205222809770001', 'KP PAPANGGUNGAN', '003/006', 'Kab Garut', 'CIKAJANG', 'MEKARSARI', 44171, '085223165432', 'asepbudi910@gmail.com', 1, 1, 1, '0', 1, '', '', 0),
('BNI102164894', 'SUHERMAN', '3205050708690003', 'Kp. UMBUL TENGAH', '003/010', 'Kab Garut', 'TAROGONGKIDUL', 'JAYAWARAS', 44151, '085731428090', 'garutnadiatex@gmail.com', 1, 1, 0, '0', 0, '', '', 0),
('BNI102164895', 'DEDE SUKMANA', '3205280605750001', 'KP. CIENTAG', '02/07', 'Kab Garut', 'CISOMPET', 'SINDANGSARI', 44174, '082320256078', 'dedesukmana2810@gmail.com', 1, 1, 1, '0', 0, '', '', 0),
('BNI102164896', 'MEISI ANDRIANI', '3205271106970002', 'KP BOJONG', '001/001', 'Kab Garut', 'PAMEUNGPEUK', 'BOJONG', 44175, '082316019525', 'agen2bjng@gmail.com', 1, 1, 0, '0', 0, '', '', 0),
('BNI102164897', 'ADE HANA HENDRIANA', '3205171008750013', 'Kp. CIOYOD', '002/002', 'Kab Garut', 'BAYONGBONG', 'MEKARJAYA', 44162, '081323930156', 'adehana75@gmail.com', 1, 1, 1, '0', 1, '', '', 0),
('BNI102164898', 'YAYAN SURYANA', '3205240204660001', 'KP PANCASURA', '001/001', 'Kab Garut', 'SINGAJAYA', 'PANCASURA', 44173, '085323796287', 'suryanayayan961@gmail.com', 1, 1, 1, '0', 0, '', '', 0),
('BNI102164899', 'ITA ROSITA', '3205265705820005', 'KP CUKANG BATU', '001/004', 'Kab Garut', 'PEUNDEUY', 'SUKANAGARA', 44178, '085221214341', 'itar60709@gmail.com', 1, 1, 0, '0', 0, '', '', 0),
('BNI102164900', 'ZAENAL ALIMIN', '3205331610840001', 'Kp. NANGKARUKA', '001/001', 'Kab Garut', 'PAKENJENG', 'PANYINDANGAN', 44164, '082318238834', 'zae.alim86@gmail.com', 1, 1, 1, '0', 1, '', '', 0),
('BNI102164901', 'WIDA NINGSIH', '3205276601940001', 'KP KAUM KIDUL', '003/001', 'Kab Garut', 'PAMEUNGPEUK', 'PAMEUNGPEUK', 44175, '082116452992', 'jejebwida@gmail.com', 1, 1, 1, '0', 0, '', '', 0),
('BNI102164902', 'YUDI APRILIANA', '3205062904940003', 'Kp. RANCA UCING', '002/003', 'Kab Garut', 'BANYURESMI', 'BINAKARYA', 44191, '082217183572', 'yudiapriliana19@gmail.com', 1, 1, 1, '0', 0, '', '', 0),
('BNI102164903', 'HERMAN YURIS ANDAYA', '3205112305870003', 'KP PINTU', '002/007', 'Kab Garut', 'LEUWIGOONG', 'SINDANGSARI', 44192, '085223648004', 'hermanlwg@gmail.com', 1, 1, 1, '0', 1, '', '', 0),
('BNI102164904', 'ARINA SOPIAH', '3205194811820001', 'KP BOJONGLOA', '003/003', 'Kab Garut', 'CILAWU', 'SUKAMAJU', 44181, '085315263870', 'arinasopiah1982@gmail.com', 1, 1, 0, '0', 0, '', '', 0),
('BNI102164905', 'ENUNG SITI AISYAH', '3205224307740002', 'KP PATROL', '003/004', 'Kab Garut', 'CIKAJANG', 'MARGAMULYA', 44171, '083318808480', 'enungaisyah74@gmail.com', 1, 1, 1, '0', 0, '', '', 0),
('BNI102164906', 'ZENAL MUTAQIN', '3205271703810003', 'KP BABAKAN', '002/002', 'Kab Garut', 'PAMEUNGPEUK', 'JATIMULYA', 44175, '085224958400', 'bpntgrt92@gmail.com', 1, 1, 1, '0', 0, '', '', 0),
('BNI102164908', 'ADE MOHAMAD SOFYAN', '3205071207730001', 'Kp. LEUWIGUGUR', '003/001', 'Kab Garut', 'SAMARANG', 'CINTAASIH', 44161, '081221398785', 'bpntgrt93@gmail.com', 1, 1, 0, '0', 0, '', '', 0),
('BNI102164909', 'H DEDENG', '3205222306710001', 'Kp. MANGUNREJA', '003/010', 'Kab Garut', 'CIKAJANG', 'GIRIJAYA', 44171, '081323738511', 'dedenghamam71@gmail.com', 1, 1, 1, '0', 0, '', '', 0),
('BNI102164910', 'FIRMAN FATHUROHMAN', '3205332711870001', 'KP CINTA ASIH', '003/003', 'Kab Garut', 'PAKENJENG', 'TANJUNGJAYA', 44164, '081322615600', 'bpntgrt94@gmail.com', 1, 1, 1, '0', 0, '', '', 0),
('BNI102164911', 'DEDE SAEPUROHMAN', '3205222312700003', 'Kp. PAPANGGUNGAN', '003/006', 'Kab Garut', 'CIKAJANG', 'MEKARSARI', 44171, '082316060847', 'saepulrohmandede@gmail.com', 1, 1, 1, '0', 0, '', '', 0),
('BNI102164912', 'UNDANG UCU SUDIAT', '3205161207780001', 'Kp. CICAPAR', '002/001', 'Kab Garut', 'PANGATIKAN', 'SUKAHURIP', 44183, '085352385134', 'undang.ucu@gmail.com', 1, 1, 1, '0', 1, '', '', 0),
('BNI102166258', 'ZACKY SIRADJ', '3205021503620001', 'JL. A YANI NO.312', '004/001', 'Kab Garut', 'KARANGPAWITAN', 'SUCI', 44182, '081323846007', 'bpntgrt97@gmail.com', 1, 1, 1, '0', 1, '', '', 0),
('BNI102166259', 'IWAN HERMAWAN', '3205191808720008', 'PERUM ENHAKA RESIDENCE BLOK.A NO.2', '001/018', 'Kab Garut', 'KARANGPAWITAN', 'GODOG', 44182, '082116309550', 'iwanh.7673@gmail.com', 1, 1, 0, '0', 0, '', '', 0),
('BNI102166509', 'IKI SETIAWAN', '3205282305880002', 'KP BUNTAR', '002/011', 'Kab Garut', 'CISOMPET', 'JATISARI', 44174, '083826381163', 'ikisetiawan488@gmail.com', 0, 0, 0, '0', 0, '', '', 0),
('BNI102166601', 'ENCEP ALI ALBAR', '3205122006770003', 'KP CIPANCUR', '002/007', 'Kab Garut', 'CIBATU', 'CIBUNAR', 44185, '085320539977', 'encepali32@gmail.com', 0, 0, 0, '0', 0, '', '', 0),
('BNI102166669', 'JAJANG SUNARYA', '3205301408760002', 'KP PAMOTONG', '002/008', 'Kab Garut', 'CIKELET', 'CIKELET', 44177, '085318268787', 'jangsunarya76@gmail.com', 0, 0, 0, '0', 0, '', '', 0),
('BNI102166670', 'RINI ANDRIANI', '3205274107860010', 'KP GUNUNG SULAH', '004/003', 'Kab Garut', 'CIKELET', 'CIGADOG', 44177, '085323843232', 'riniandriani108@gmail.com', 0, 0, 0, '0', 0, '', '', 0),
('BNI102166672', 'Meliawati', '3205096605780002', 'KP SALAMNUNGGAL', '005/006', 'Kab Garut', 'LELES', 'SALAMNUNGGAL', 44152, '081322998702', 'aseptardi217@gmail.com', 0, 0, 0, '0', 0, '', '', 0),
('BNI102168142', 'ASEP RIDWAN', '3205281307740001', 'KP. HEGARMANAH', '002/002', 'Kab Garut', 'CISOMPET', 'SUKAMUKTI', 44174, '085223370091', 'asepridwan343@gmail.com', 0, 0, 0, '0', 0, '', '', 0),
('BNI102168147', 'CECEP HENDRA', '3205391010790006', 'KP PUTRAJAWA PEUNTAS', '001/003', 'Kab Garut', 'SELAAWI', 'PUTRAJAWA', 44187, '089677777792', 'cecephendra282@gmail.com', 0, 0, 0, '0', 0, '', '', 0),
('BNI102168148', 'AI ROSTINI', '3205394305780003', 'KP. CIGAWIR', '001/008', 'Kab Garut', 'SELAAWI', 'CIGAWIR', 44187, '085223218131', 'airostini79@gmail.com', 0, 0, 0, '0', 0, '', '', 0),
('BNI102168149', 'EDWIN HUTAGALUNG', '3205390210840004', 'KP PARIGI', '001/008', 'Kab Garut', 'SELAAWI', 'PELITAASIH', 44187, '081224096112', 'edwinhutagalung017@gmail.com', 0, 0, 0, '0', 0, '', '', 0),
('BNI102168150', 'FERI RISNAWAN', '3205140403850004', 'KP HAURKUNING', '002/002', 'Kab Garut', 'MALANGBONG', 'CIHAURKUNING', 44188, '081312615320', 'feririsnawan85@gmail.com', 0, 0, 0, '0', 0, '', '', 0),
('BNI102168183', 'YULIA', '3205075711850007', 'KP. PALNUNJUK', '003/001', 'Kab Garut', 'SAMARANG', 'SIRNASARI', 44161, '085220566429', 'adistyanursyifa@gmail.com', 0, 0, 0, '0', 0, '', '', 0),
('BNI102168184', 'ENJANG HOERUMAN AZAM', '3205140406820010', 'KP. KUBANG', '001/002', 'Kab Garut', 'MALANGBONG', 'SANDING', 44188, '085223924192', 'enjanghoerumanazam82@gmail.com', 0, 0, 0, '0', 0, '', '', 0),
('BNI102168185', 'LENY SUPRIATI', '3205165003830001', 'KP. LEGOKNANGKA', '005/008', 'Kab Garut', 'KARANGTENGAH', 'CARINGIN', 44184, '087883913216', 'leny46@gmail.com', 0, 0, 0, '0', 0, '', '', 0),
('BNI102168186', 'YULIA NUR CAHYA', '3205175005950010', 'KP. RADUG', '003/003', 'Kab Garut', 'BAYONGBONG', 'KARYAJAYA', 44162, '082385955479', 'desakaryajaya33@gmail.com', 0, 0, 0, '0', 0, '', '', 0),
('BNI102168188', 'SONI NURMANSYAH', '3205101909890003', 'KP. SINARBAKTI', '001/004', 'Kab Garut', 'KADUNGORA', 'MEKARBAKTI', 44153, '08195555666', 'ahonkcell1989@gmail.com', 0, 0, 0, '0', 0, '', '', 0),
('BNI102168189', 'ABDUL MAKIH', '3276011709910002', 'KP. KARANG ANYAR', '006/001', 'Kab Garut', 'MALANGBONG', 'MEKARMULYA', 44188, '082216251077', 'makkydera15@gmail.com', 0, 0, 0, '0', 0, '', '', 0),
('BNI102168190', 'ABDUL WAHAB', '3205330205900001', 'KP. CIKONENG', '005/002', 'Kab Garut', 'PAKENJENG', 'NEGLASARI', 44164, '082316214010', 'silvi.holipah08@gmail.com', 0, 0, 0, '0', 0, '', '', 0),
('BNI102168191', 'RINA ROSDIANA', '3205115204770001', 'KP. GANDA MIRAH', '001/006', 'Kab Garut', 'LEUWIGOONG', 'TAMBAKSARI', 44192, '085318609077', 'rinarosdiana396@gmail.com', 0, 0, 0, '0', 0, '', '', 0),
('BNI102168192', 'ICA RAMDANI', '3205380206850006', 'KP CIBODAS', '003/006', 'Kab Garut', 'BLUBURLIMBANGAN', 'PASIRWARU', 44186, '082372760343', 'denicafh@gmail.com', 0, 0, 0, '0', 0, '', '', 0),
('BNI102168193', 'DEDI SUPRIADI', '3205061208730008', 'KP PAGERSARI', '003/006', 'Kab Garut', 'BANYURESMI', 'CIMAREME', 44191, '085256311871', 'dedidesa888@gmail.com', 0, 0, 0, '0', 0, '', '', 0),
('BNI102168194', 'IDA FARIDA', '3205044909710002', 'PERUM SURYA REGENCY BLOCK C.2', '001/011', 'Kab Garut', 'TAROGONGKALER', 'CIMANGANTEN', 44151, '081222861231', 'ida8509@gmail.com', 0, 0, 0, '0', 0, '', '', 0),
('BNI102168195', 'ASEP JAMALUDIN', '3205060408750006', 'KP . RANJENG', '004/002', 'Kab Garut', 'BANYURESMI', 'KARYAMUKTI', 44191, '082116838504', 'asepjamaludin353@gmail.com', 0, 0, 0, '0', 0, '', '', 0),
('BNI102168196', 'ARIS FAHRUDIN', '3205061308720003', 'PERUM SUKASENANG BLOK : G69', '002/006', 'Kab Garut', 'BANYURESMI', 'PAMEKARSARI', 44191, '085223234141', 'liviani627@gmail.com', 0, 0, 0, '0', 0, '', '', 0),
('BNI102168197', 'KARTONO', '3205282511870001', 'KP. CEMPAKA ATAS', '003/010', 'Kab Garut', 'CISOMPET', 'NEGLASARI', 44174, '085793335203', 'aganrizki0@gmail.com', 0, 0, 0, '0', 0, '', '', 0),
('BNI102168834', 'KURNIA', '3205101607710002', 'KP BABAKAN CIKIJING', '002/008', 'Kab Garut', 'KADUNGORA', 'NEGLASARI', 44153, '085353815615', 'tw8kurnia@gmail.com', 0, 0, 0, '0', 0, '', '', 0),
('BNI102168837', 'RESI SANI ANWAR', '3205024107880013', 'KP PASIR SEAH', '001/012', 'Kab Garut', 'TAROGONGKIDUL', 'SUKAJAYA', 44151, '082318602265', 'arhoel.master@gmail.com', 0, 0, 0, '0', 0, '', '', 0),
('BNI102168839', 'EROS KURNIAWATI', '3205175608630001', 'KP CIBODAS', '005/002', 'Kab Garut', 'BAYONGBONG', 'BANJARSARI', 44162, '082295836496', 'ros28470@gmail.com', 0, 0, 0, '0', 0, '', '', 0),
('BNI102168841', 'SOVI RACHMAWATI', '3205027105820004', 'KP SINDANGWARGI', '001/006', 'Kab Garut', 'KARANGPAWITAN', 'KARANGPAWITAN', 44182, '085316537585', 'rachmasovi82@gmail.com', 0, 0, 1, '0', 1, '', '', 0),
('BNI102168842', 'MILA MELIANA', '3205056809790002', 'JL OTO ISKANDARDINATA', '002/007', 'Kab Garut', 'TAROGONGKIDUL', 'TAROGONG', 44151, '082129000942', 'vinoliarivira@gmail.com', 0, 0, 0, '0', 0, '', '', 0),
('BNI102168846', 'DEDAH ROHENDAH', '3205174811690003', 'KP CILIMUS', '001/002', 'Kab Garut', 'BAYONGBONG', 'SUKARAME', 44162, '081394341124', 'hilmangumilar@gmail.com', 0, 0, 0, '0', 0, '', '', 0),
('BNI102168847', 'TITA ROSITA', '3205204712770001', 'KP ANDIR', '004/001', 'Kab Garut', 'CISURUPAN', 'TAMBAKBAYA', 44163, '081220929789', 'bpntgrt96@gmail.com', 0, 0, 0, '0', 0, '', '', 0),
('BNI102168848', 'DENDI JAMALUDIN RABANI', '3205391706960003', 'KP KARAPIAK', '001/003', 'Kab Garut', 'SELAAWI', 'MEKARSARI', 44187, '081322726275', 'dendirabani@gmail.com', 0, 0, 0, '0', 0, '', '', 0),
('BNI102168849', 'KORI JAMILAH', '3205386810920001', 'Kp. CICADAS', '001/008', 'Kab Garut', 'BLUBURLIMBANGAN', 'PASIRWARU', 44186, '082130917714', 'korijamilah42@gmail.com', 0, 0, 0, '0', 0, '', '', 0),
('BNI102168988', 'AGUS BUDI HARTONO', '3205042703680002', 'JL. KH. MASDUKI NO.5A', '003/002', 'Kab Garut', 'TAROGONGKALER', 'PANANJUNG', 44151, '081320056599', 'bpntgrt98@gmail.com', 0, 0, 0, '0', 0, '', '', 0),
('BNI102169001', 'HADIA TAHUSNI', '3205386710910003', 'KP CICURUG', '006/004', 'Kab Garut', 'BLUBURLIMBANGAN', 'NEGLASARI', 44186, '082120067732', 'hadiatahusni95@gmail.com', 0, 0, 0, '0', 0, '', '', 0),
('BNI102169004', 'USEP ROHMAT PRIATNA', '3205381607840007', 'Kp. MARGAMUKTI', '001/006', 'Kab Garut', 'BLUBURLIMBANGAN', 'PANGEUREUNAN', 44186, '082127337156', 'usep.85@gmail.com', 0, 0, 0, '0', 0, '', '', 0),
('BNI102169045', 'RUDI ARDIANSYAH', '3205410403920001', 'KP SUKAMULYA', '002/002', 'Kab Garut', 'PANGATIKAN', 'SUKAMULYA', 44183, '081399338115', 'rudiardiansyah811@gmail.com', 0, 0, 0, '0', 0, '', '', 0),
('BNI102169046', 'ABDUL AZIZ', '3205181107880001', 'KP CIREDEY', '001/002', 'Kab Garut', 'CIGEDUG', 'CIGEDUG', 44116, '085255101307', 'aazis8971@gmail.com', 0, 0, 0, '0', 0, '', '', 0),
('BNI102169047', 'DEDE RAHMAT TAOPIK', '3205220405800001', 'KP PADASONO', '001/002', 'Kab Garut', 'CIKAJANG', 'PADASUKA', 44171, '085222161839', 'abuimam4@gmail.com', 0, 0, 0, '0', 0, '', '', 0),
('BNI102169051', 'SUGIAR GUNCANG', '3205290408880001', 'KP. SARIBAKTI', '003/001', 'Kab Garut', 'CIBALONG', 'SAGARA', 44176, '085320629710', 'sugiarguncang@gmail.com', 0, 0, 0, '0', 0, '', '', 0),
('BNI102169053', 'NANANG SUBARNAS', '3205171202740001', 'KP RADUG', '001/001', 'Kab Garut', 'BAYONGBONG', 'SUKASENANG', 44162, '085316968357', 'bpntgrt95@gmail.com', 0, 0, 0, '0', 0, '', '', 0),
('BNI102169054', 'SUSI HERLINA', '3205194708860004', 'KP CIKANCUNG', '002/004', 'Kab Garut', 'CILAWU', 'MARGALAKSANA', 44181, '085221870226', 'herlianansusi86@gmail.com', 0, 0, 0, '0', 0, '', '', 0),
('BNI102169056', 'AANG HAMBALI', '3204263010690006', 'JL RAYA KARANGPAWITAN NO. 175', '001/002', 'Kab Garut', 'KARANGPAWITAN', 'SINDANGPALAY', 44182, '081394295485', 'aanghambali69@gmail.com', 0, 0, 0, '0', 0, '', '', 0),
('BNI102169057', 'CECEP PURNAMA', '3205020303820004', 'KP JATI', '002/011', 'Kab Garut', 'KARANGPAWITAN', 'SITUGEDE', 44182, '081220034084', 'ungircep2@gmail.com', 0, 0, 0, '0', 0, '', '', 0),
('BNI102169059', 'JULYANTI DARSYIYAH', '3205204101940011', 'KP CIRANYANG', '001/004', 'Kab Garut', 'BAYONGBONG', 'MEKARJAYA', 44162, '081291178254', 'idwanatph@gmail.com', 0, 0, 0, '0', 0, '', '', 0),
('BNI102169060', 'DEDEN JAJA SUKRIA', '3205061906870001', 'Kp sarlega', '002/004', 'Kab Garut', 'BANYURESMI', 'BINAKARYA', 44191, '081323929362', 'raiderkarta@gmail.com', 0, 0, 0, '0', 0, '', '', 0),
('BNI102169061', 'ALI SADIKIN MUHAMMAD', '3205072810780001', 'Kp sinargalih', '004/008', 'Kab Garut', 'SAMARANG', 'SAMARANG', 44161, '081222872808', 'ali_sdkn@yahoo.com', 0, 0, 0, '0', 0, '', '', 0),
('BNI102169062', 'KURNIAH', '3205196612790002', 'Perum puri gandasari blok f no24', '003/014', 'Kab Garut', 'CILAWU', 'MANGKURAYAT', 44181, '085221697012', 'purirayablokfraya3502@gmail.co', 0, 0, 0, '0', 0, '', '', 0),
('BNI102169067', 'SANDI BUDI FIRMANSYAH', '3205202105960001', 'KP PASAR KALER', '002/003', 'Kab Garut', 'CISURUPAN', 'BALEWANGI', 44163, '085314902596', 'sbf18185@gmail.com', 0, 0, 0, '0', 0, '', '', 0),
('BNI102169068', 'YANYAN SUPRIATNA', '3205341103780002', 'KP PASIR LENGGUT', '001/003', 'Kab Garut', 'PAMULIHAN', 'PANAWA', 44168, '085314389234', 'yanyansupriatna034@gmail.com', 0, 0, 0, '0', 0, '', '', 0),
('BNI102169069', 'HABIB SUTAHMAT CANDRA', '3205250702680001', 'KP CISANGKAL', '001/003', 'Kab Garut', 'CIHURIP', 'CISANGKAL', 44173, '085223136866', 'habibsutahmat68@gmail.com', 0, 0, 0, '0', 0, '', '', 0),
('BNI102169070', 'AI ITA CAHYANI', '3205226912800005', 'KP CIPARAY', '001/005', 'Kab Garut', 'CIKAJANG', 'GIRIAWAS', 44171, '085221913600', 'aiitacahyati2@gmail.com', 0, 0, 0, '0', 0, '', '', 0),
('BNI102169071', 'DADAH HODIJAH', '3205334304780001', 'KP. HALIMPU', '002/001', 'Kab Garut', 'PAKENJENG', 'WANGUNJAYA', 44164, '085110321385', 'bpntgrt99@gmail.com', 0, 0, 0, '0', 0, '', '', 0),
('BNI102169072', 'ROHIMAT', '3205292311830002', 'KP SUKASARI', '004/003', 'Kab Garut', 'CIBALONG', 'SIMPANG', 44176, '085315884443', 'imatrohimat983@gmail.com', 0, 0, 0, '0', 0, '', '', 0),
('BNI102169073', 'YENI HERYANTI', '3205194908820004', 'KP KONDANG REGE', '003/006', 'Kab Garut', 'CILAWU', 'SUKAMUKTI', 44181, '082218007873', 'yeniheryantiismyname@gmail.com', 1, 1, 1, '0', 0, '', '', 0),
('BNI102169074', 'LINA MARLINA', '3205025306820008', 'KP PANYINGKIRAN', '002/009', 'Kab Garut', 'KARANGPAWITAN', 'SITUSAEUR', 44182, '085221485057', 'lina.marlina1682@gmail.com', 0, 0, 0, '0', 0, '', '', 0),
('BNI102169075', 'IIS KOMALAWATI', '3205196409840002', 'KP SOLOKPANDAN', '002/002', 'Kab Garut', 'TAROGONGKALER', 'SIRNAJAYA', 44151, '08882014372', '115com76@gmail.com', 0, 0, 0, '0', 0, '', '', 0),
('BNI102169076', 'EUIS AISYAH', '3205044107600037', 'KP TEGALLEGA', '003/002', 'Kab Garut', 'TAROGONGKALER', 'LANGENSARI', 44151, '085320538881', 'winawinarti55@gmail.com', 0, 0, 0, '0', 0, '', '', 0),
('BNI102169077', 'CICI ROHAENI T', '3205347006870001', 'Kp gadog', '005/002', 'Kab Garut', 'PAMULIHAN', 'PANANJUNG', 44168, '082217744371', 'devidermawan@gmail.com', 0, 0, 0, '0', 0, '', '', 0),
('BNI102169078', 'FAKTI NUR FATIMAH', '3205056809970002', 'Kp tajug jl h umar', '004/018', 'Kab Garut', 'TAROGONGKIDUL', 'HAURPANGGUNG', 44151, '081282523468', 'nfakti@gmail.com', 0, 0, 0, '0', 0, '', '', 0),
('BNI102169081', 'SANTI OKTAPIA', '3205074210930004', 'Kp kiara payung', '002/004', 'Kab Garut', 'SAMARANG', 'SUKAKARYA', 44161, '082321715232', 'santi.oktapia15@yahoo.com', 0, 0, 0, '0', 0, '', '', 0),
('BNI102169082', 'AI SOLIHAT', '3205245001900001', 'Kp panyingkiran', '001/004', 'Kab Garut', 'SINGAJAYA', 'MEKARTANI', 44173, '085321773122', 'mahardikaputra27@gmail.com', 0, 0, 0, '0', 0, '', '', 0),
('BNI102169083', 'LILIK PURNAMAWATI', '3205054202990016', 'Kp citeureup', '003/003', 'Kab Garut', 'TAROGONGKIDUL', 'SUKAGALIH', 44151, '085223300276', 'lilikpurnamawati74@gmail.com', 0, 0, 0, '0', 0, '', '', 0),
('BNI102169085', 'BUMDES KARTIKA', '3201104509890007', 'Kp talun', '001/001', 'Kab Garut', 'PAKENJENG', 'TEGALGEDE', 44164, '085320363635', 'bumdeskartika@gmail.com', 0, 0, 0, '0', 0, '', '', 0),
('BNI102169086', 'DENIH AGUS KARTIWA', '3205310707770010', 'KP CIGOROWONG', '003/003', 'Kab Garut', 'BUNGBULANG', 'BOJONG', 44165, '085352255968', 'bumdesgilingwesi1@gmail.com', 0, 0, 0, '0', 0, '', '', 0),
('BNI102169087', 'YOPI NURJAMAN', '3205020212880001', 'KP SUKAMANAH', '002/004', 'Kab Garut', 'KARANGPAWITAN', 'JATISARI', 44182, '082316051186', 'yopitujek@gmail.com', 0, 0, 0, '0', 0, '', '', 0),
('BNI102169088', 'ELI ROHAENI', '3205174407830006', 'KP LEGOK KONDANG', '001/006', 'Kab Garut', 'BAYONGBONG', 'CINISTI', 44162, '085352227669', 'wanridwan580@gmail.com', 0, 0, 0, '0', 0, '', '', 0),
('BNI102169089', 'SOPANDI SASTRA', '3205070909910001', 'Kp sanding', '002/001', 'Kab Garut', 'SAMARANG', 'SUKARASA', 44161, '081322967778', 'sopandisastrakrisna@gmail.com', 0, 0, 0, '0', 0, '', '', 0),
('BNI102169090', 'ENI NURHAENI', '3205044811690002', 'JL OTISTA 212', '002/001', 'Kab Garut', 'TAROGONGKALER', 'CIMANGANTEN', 44151, '085223008566', 'fa2270616@gmail.com', 0, 0, 0, '0', 0, '', '', 0),
('BNI102169091', 'IWAN SETIAWAN', '3205230911770001', 'Kp cijoho', '006/001', 'Kab Garut', 'BANJARWANGI', 'KADONGDONG', 44172, '082315126666', 'putrabatuwangi.grt@gmail.com', 0, 0, 0, '0', 0, '', '', 0),
('BNI102169092', 'NASRUDIN', '3205210305890003', 'KP. RAJAPOLAH', '005/003', 'Kab Garut', 'SUKARESMI', 'PADAMUKTI', 44163, '085323045434', 'ay453roet@gmail.com', 0, 0, 0, '0', 0, '', '', 0),
('BNI102169093', 'Bicky purwakomara', '3205170811840005', 'Kp andir', '003/008', 'Kab Garut', 'BAYONGBONG', 'MULYASARI', 44162, '085322233384', 'bicky.margafaiq84@gmail.com', 0, 0, 0, '0', 0, '', '', 0),
('BNI102169094', 'ROSALINA', '3205305509860002', 'Kp cipicung', '004/002', 'Kab Garut', 'CIKELET', 'TIPAR', 44177, '085323623578', 'rosalina.garut@gmail.com', 0, 0, 0, '0', 0, '', '', 0),
('BNI102169095', 'ATIN SUGIANTI', '3205035808790002', 'KP. PANYEREDAN', '001/006', 'Kab Garut', 'SUCINARAJA', 'SUKARATU', 44115, '082246239713', 'atinsugianty@gmail.com', 0, 0, 0, '0', 0, '', '', 0),
('BNI102169096', 'FAUZI ERIK PRATIWA', '3205280801860001', 'Kp selaawi', '001/012', 'Kab Garut', 'CISOMPET', 'CISOMPET', 44174, '082127538515', 'dedereninuraeni01@gmail.com', 0, 0, 0, '0', 0, '', '', 0),
('BNI102169097', 'POPON SUMINAR', '3205076407620003', 'KP SITU GIRANG', '001/012', 'Kab Garut', 'SAMARANG', 'CINTARAYAT', 44161, '085321744676', 'hendragumilarr@gmail.com', 0, 0, 0, '0', 0, '', '', 0),
('BNI102169981', 'AMALINA KARIMAH', '3205335811950001', 'KP JATIGEDE', '002/008', 'Kab Garut', 'PAKENJENG', 'JATIWANGI', 44164, '082215333538', 'amalinak29@gmail.com', 0, 0, 0, '0', 0, '', '', 0),
('BNI102169983', 'ENGKOM KOMARIAH', '3205235202570003', 'KP CISIIH', '001/003', 'Kab Garut', 'BANJARWANGI', 'KADONGDONG', 44172, '081324936297', 'ayunurululf@gmail.com', 0, 0, 0, '0', 0, '', '', 0),
('BNI102169985', 'MIA KARMIA', '3205074602810001', 'KP. BARILUK', '001/003', 'Kab Garut', 'SAMARANG', 'CINTAKARYA', 44161, '081292866441', 'miakarmia83@gmail.com', 0, 0, 0, '0', 0, '', '', 0),
('BNI102169986', 'AHSAN ASARI', '3205202411890001', 'KP SINDANG DAWENG', '004/005', 'Kab Garut', 'CISURUPAN', 'PAKUWON', 44163, '085220707515', 'desapakuwon95@gmail.com', 0, 0, 0, '0', 0, '', '', 0),
('BNI102170379', 'ADE LUKMAN', '3277021711670007', 'KP KARANGSARI', '001/008', 'Kab Garut', 'LEUWIGOONG', 'KARANGSARI', 44192, '081320374950', 'adelukman1967@gmail.com', 0, 0, 0, '0', 0, '', '', 0),
('BNI102170380', 'ASEP MULYANA', '3205110202700001', 'KP PASIR CIBALONG', '001/003', 'Kab Garut', 'LEUWIGOONG', 'KARANGANYAR', 44192, '082214812809', 'asepmulyana020270@gmail.com', 0, 0, 0, '0', 0, '', '', 0),
('BNI102170381', 'ABAS SUMANTRI', '3205061007590001', 'KP TEUREUP', '003/006', 'Kab Garut', 'BANYURESMI', 'SUKAKARYA', 44191, '081220200909', 'sumantriasgar@gmail.com', 0, 0, 0, '0', 0, '', '', 0),
('BNI102170637', 'ENDANG ROHMAN', '3205380704800001', 'KP. PASIREUNGIT', '004/006', 'Kab Garut', 'BLUBURLIMBANGAN', 'PANGEUREUNAN', 44186, '082126503227', 'erohman048@gmail.com', 0, 0, 0, '0', 0, '', '', 0),
('BNI102170638', 'ADE SRI WAHYUNI', '3205384507820002', 'KP PASIRASTANA', '002/001', 'Kab Garut', 'BLUBURLIMBANGAN', 'PASIRWARU', 44186, '082130770045', 'anciesriwahyuni@gmail.com', 0, 0, 0, '0', 0, '', '', 0),
('BNI102170657', 'HADI ROUP', '3205101908840006', 'KP GALUMPIT KIDUL', '001/004', 'Kab Garut', 'LELES', 'CIPANCAR', 44152, '081220340009', 'hadiroup84@gmail.com', 0, 0, 0, '0', 0, '', '', 0),
('BNI102170667', 'HENDI MUNAWAR', '3205072001830001', 'Kp cimencek', '001/002', 'Kab Garut', 'SAMARANG', 'CINTAASIH', 44161, '085349639219', 'munawarhendi@gmail.com', 0, 0, 0, '0', 0, '', '', 0),
('BNI102170815', 'DEDI SUHENDI', '3205172002600001', 'PERUM BAYONGBONG ASRI', '004/001', 'Kab Garut', 'BAYONGBONG', 'CINISTI', 44162, '081222805153', 'wandyf84@gmail.com', 0, 0, 0, '0', 0, '', '', 0),
('TMN102167375', 'TATANG SOMANTRI', '3205010306790007', 'KP.SUKAMENTRI', '07', 'GARUT', 'GARUTKOTA', 'SUKAMENTRI', 44116, '081220941940', 'tm230@bni.truemoney.co.id', 0, 0, 0, '0', 0, '', '', 0);

-- --------------------------------------------------------

--
-- Table structure for table `data_kecamatan`
--

CREATE TABLE `data_kecamatan` (
  `kode_kecamatan` varchar(3) NOT NULL,
  `nama_kecamatan` varchar(20) NOT NULL
) ENGINE=InnoDB DEFAULT CHARSET=latin1;

--
-- Dumping data for table `data_kecamatan`
--

INSERT INTO `data_kecamatan` (`kode_kecamatan`, `nama_kecamatan`) VALUES
('BAI', 'BANJARWANGI'),
('BBG', 'BUNGBULANG'),
('BLN', 'BLUBURLIMBANGAN'),
('BNG', 'BAYONGBONG'),
('BUI', 'BANYURESMI'),
('CAG', 'CIBALONG'),
('CBK', 'CIBIUK'),
('CBU', 'CIBATU'),
('CGG', 'CIGEDUG'),
('CHP', 'CIHURIP'),
('CIN', 'CARINGIN'),
('CKJ', 'CIKAJANG'),
('CKT', 'CIKELET'),
('CLU', 'CILAWU'),
('COT', 'CISOMPET'),
('CSU', 'CISEWU'),
('CUN', 'CISURUPAN'),
('GUA', 'GARUTKOTA'),
('KAH', 'KERSAMANAH'),
('KGH', 'KARANGTENGAH'),
('KGN', 'KARANGPAWITAN'),
('KUA', 'KADUNGORA'),
('LES', 'LELES'),
('LIG', 'LEUWIGOONG'),
('MNG', 'MALANGBONG'),
('MRI', 'MEKARMUKTI'),
('PAN', 'PANGATIKAN'),
('PEG', 'PAKENJENG'),
('PNY', 'PEUNDEUY'),
('PRI', 'PASIRWANGI'),
('PUK', 'PAMEUNGPEUK'),
('PUN', 'PAMULIHAN'),
('SAG', 'SAMARANG'),
('SAI', 'SUKARESMI'),
('SGA', 'SINGAJAYA'),
('SLI', 'SELAAWI'),
('SNA', 'SUCINARAJA'),
('SWG', 'SUKAWENING'),
('TEG', 'TALEGONG'),
('TOL', 'TAROGONGKIDUL'),
('TOR', 'TAROGONGKALER'),
('WAA', 'WANARAJA');

-- --------------------------------------------------------

--
-- Table structure for table `data_kelurahan`
--

CREATE TABLE `data_kelurahan` (
  `kode_kelurahan` varchar(6) NOT NULL,
  `kode_kecamatan` varchar(3) NOT NULL,
  `nama_kecamatan` varchar(50) NOT NULL,
  `nama_kelurahan` varchar(20) NOT NULL
) ENGINE=InnoDB DEFAULT CHARSET=latin1;

--
-- Dumping data for table `data_kelurahan`
--

INSERT INTO `data_kelurahan` (`kode_kelurahan`, `kode_kecamatan`, `nama_kecamatan`, `nama_kelurahan`) VALUES
('BAI001', 'BAI', 'BANJARWANGI', 'BANJARWANGI'),
('BAI002', 'BAI', 'BANJARWANGI', 'BOJONG'),
('BAI003', 'BAI', 'BANJARWANGI', 'DANGIANG'),
('BAI004', 'BAI', 'BANJARWANGI', 'JAYABAKTI'),
('BAI005', 'BAI', 'BANJARWANGI', 'KADONGDONG'),
('BAI006', 'BAI', 'BANJARWANGI', 'MULYAJAYA'),
('BAI007', 'BAI', 'BANJARWANGI', 'PADAHURIP'),
('BAI008', 'BAI', 'BANJARWANGI', 'TALAGAJAYA'),
('BAI009', 'BAI', 'BANJARWANGI', 'TALAGASARI'),
('BAI010', 'BAI', 'BANJARWANGI', 'TANJUNGJAYA'),
('BAI011', 'BAI', 'BANJARWANGI', 'WANGUNJAYA'),
('BBG059', 'BBG', 'BUNGBULANG', 'BOJONG'),
('BBG060', 'BBG', 'BUNGBULANG', 'BUNGBULANG'),
('BBG061', 'BBG', 'BUNGBULANG', 'CIHIKEU'),
('BBG062', 'BBG', 'BUNGBULANG', 'GUNAMEKAR'),
('BBG063', 'BBG', 'BUNGBULANG', 'GUNUNG JAMPANG'),
('BBG064', 'BBG', 'BUNGBULANG', 'HANJUANG'),
('BBG065', 'BBG', 'BUNGBULANG', 'HEGARMANAH'),
('BBG066', 'BBG', 'BUNGBULANG', 'MARGALAKSANA'),
('BBG067', 'BBG', 'BUNGBULANG', 'MEKARBAKTI'),
('BBG068', 'BBG', 'BUNGBULANG', 'MEKARJAYA'),
('BBG069', 'BBG', 'BUNGBULANG', 'SINARJAYA'),
('BBG070', 'BBG', 'BUNGBULANG', 'TEGALEGA'),
('BBG071', 'BBG', 'BUNGBULANG', 'WANGUNJAYA'),
('BLN045', 'BLN', 'BLUBURLIMBANGAN', 'CIGAGADE'),
('BLN046', 'BLN', 'BLUBURLIMBANGAN', 'CIJOLANG'),
('BLN047', 'BLN', 'BLUBURLIMBANGAN', 'CIWANGI'),
('BLN048', 'BLN', 'BLUBURLIMBANGAN', 'DUNGUSWIRU'),
('BLN049', 'BLN', 'BLUBURLIMBANGAN', 'GALIHPAKUWON'),
('BLN050', 'BLN', 'BLUBURLIMBANGAN', 'LIMBANGANBARAT'),
('BLN051', 'BLN', 'BLUBURLIMBANGAN', 'LIMBANGANTENGAH'),
('BLN052', 'BLN', 'BLUBURLIMBANGAN', 'LIMBANGANTIMUR'),
('BLN053', 'BLN', 'BLUBURLIMBANGAN', 'NEGLASARI'),
('BLN054', 'BLN', 'BLUBURLIMBANGAN', 'PANGEUREUNAN'),
('BLN055', 'BLN', 'BLUBURLIMBANGAN', 'PASIRWARU'),
('BLN056', 'BLN', 'BLUBURLIMBANGAN', 'SIMPEN KALER'),
('BLN057', 'BLN', 'BLUBURLIMBANGAN', 'SIMPEN KIDUL'),
('BLN058', 'BLN', 'BLUBURLIMBANGAN', 'SURABAYA'),
('BNG027', 'BNG', 'BAYONGBONG', 'BANJARSARI'),
('BNG028', 'BNG', 'BAYONGBONG', 'BAYONGBONG'),
('BNG029', 'BNG', 'BAYONGBONG', 'CIBURUY'),
('BNG030', 'BNG', 'BAYONGBONG', 'CIELA'),
('BNG031', 'BNG', 'BAYONGBONG', 'CIKEDOKAN'),
('BNG032', 'BNG', 'BAYONGBONG', 'CINISTI'),
('BNG033', 'BNG', 'BAYONGBONG', 'HEGARMANAH'),
('BNG034', 'BNG', 'BAYONGBONG', 'KARYAJAYA'),
('BNG035', 'BNG', 'BAYONGBONG', 'MEKARJAYA'),
('BNG036', 'BNG', 'BAYONGBONG', 'MEKARSARI'),
('BNG037', 'BNG', 'BAYONGBONG', 'MULYASARI'),
('BNG038', 'BNG', 'BAYONGBONG', 'PAMALAYAN'),
('BNG039', 'BNG', 'BAYONGBONG', 'PANEMBONG'),
('BNG040', 'BNG', 'BAYONGBONG', 'SALAKURAY'),
('BNG041', 'BNG', 'BAYONGBONG', 'SIRNAGALIH'),
('BNG042', 'BNG', 'BAYONGBONG', 'SUKAMANAH'),
('BNG043', 'BNG', 'BAYONGBONG', 'SUKARAME'),
('BNG044', 'BNG', 'BAYONGBONG', 'SUKASENANG'),
('BUI012', 'BUI', 'BANYURESMI', 'BAGENDIT'),
('BUI013', 'BUI', 'BANYURESMI', 'BANYURESMI'),
('BUI014', 'BUI', 'BANYURESMI', 'BINAKARYA'),
('BUI015', 'BUI', 'BANYURESMI', 'CIMAREME'),
('BUI016', 'BUI', 'BANYURESMI', 'CIPICUNG'),
('BUI017', 'BUI', 'BANYURESMI', 'DANGDEUR'),
('BUI018', 'BUI', 'BANYURESMI', 'KARYAMUKTI'),
('BUI019', 'BUI', 'BANYURESMI', 'KARYASARI'),
('BUI020', 'BUI', 'BANYURESMI', 'PAMEKARSARI'),
('BUI021', 'BUI', 'BANYURESMI', 'SUKAKARYA'),
('BUI022', 'BUI', 'BANYURESMI', 'SUKALAKSANA'),
('BUI023', 'BUI', 'BANYURESMI', 'SUKAMUKTI'),
('BUI024', 'BUI', 'BANYURESMI', 'SUKARAJA'),
('BUI025', 'BUI', 'BANYURESMI', 'SUKARATU'),
('BUI026', 'BUI', 'BANYURESMI', 'SUKASENANG'),
('CAG078', 'CAG', 'CIBALONG', 'CIGARONGGONG'),
('CAG079', 'CAG', 'CIBALONG', 'KARYA MUKTI'),
('CAG080', 'CAG', 'CIBALONG', 'KARYASARI'),
('CAG081', 'CAG', 'CIBALONG', 'MAROKO'),
('CAG082', 'CAG', 'CIBALONG', 'MEKARMUKTI'),
('CAG083', 'CAG', 'CIBALONG', 'MEKARSARI'),
('CAG084', 'CAG', 'CIBALONG', 'MEKARWANGI'),
('CAG085', 'CAG', 'CIBALONG', 'NAJATEN'),
('CAG086', 'CAG', 'CIBALONG', 'SAGARA'),
('CAG087', 'CAG', 'CIBALONG', 'SANCANG'),
('CAG088', 'CAG', 'CIBALONG', 'SIMPANG'),
('CBK100', 'CBK', 'CIBIUK', 'CIBIUK KALER'),
('CBK101', 'CBK', 'CIBIUK', 'CIBIUK KIDUL'),
('CBK102', 'CBK', 'CIBIUK', 'CIPAREUAN'),
('CBK103', 'CBK', 'CIBIUK', 'LINGKUNGPASIR'),
('CBK104', 'CBK', 'CIBIUK', 'MAJASARI'),
('CBU089', 'CBU', 'CIBATU', 'CIBATU'),
('CBU090', 'CBU', 'CIBATU', 'CIBUNAR'),
('CBU091', 'CBU', 'CIBATU', 'GIRIMUKTI'),
('CBU092', 'CBU', 'CIBATU', 'KARYAMUKTI'),
('CBU093', 'CBU', 'CIBATU', 'KERESEK'),
('CBU094', 'CBU', 'CIBATU', 'KERTAJAYA'),
('CBU095', 'CBU', 'CIBATU', 'MEKARSARI'),
('CBU096', 'CBU', 'CIBATU', 'PADASUKA'),
('CBU097', 'CBU', 'CIBATU', 'SINDANGSUKA'),
('CBU098', 'CBU', 'CIBATU', 'SUKALILAH'),
('CBU099', 'CBU', 'CIBATU', 'WANAKERTA'),
('CGG105', 'CGG', 'CIGEDUG', 'BARUSUDA'),
('CGG106', 'CGG', 'CIGEDUG', 'CIGEDUG'),
('CGG107', 'CGG', 'CIGEDUG', 'CINTANAGARA'),
('CGG108', 'CGG', 'CIGEDUG', 'SINDANGSARI'),
('CGG109', 'CGG', 'CIGEDUG', 'SUKAHURIP'),
('CHP110', 'CHP', 'CIHURIP', 'CIHURIP'),
('CHP111', 'CHP', 'CIHURIP', 'CISANGKAL'),
('CHP112', 'CHP', 'CIHURIP', 'JAYAMUKTI'),
('CHP113', 'CHP', 'CIHURIP', 'MEKARWANGI'),
('CIN072', 'CIN', 'CARINGIN', 'CARINGIN'),
('CIN073', 'CIN', 'CARINGIN', 'CIMAHI'),
('CIN074', 'CIN', 'CARINGIN', 'INDRALAYANG'),
('CIN075', 'CIN', 'CARINGIN', 'PURBAYANI'),
('CIN076', 'CIN', 'CARINGIN', 'SAMUDRAJAYA'),
('CIN077', 'CIN', 'CARINGIN', 'SUKARAME'),
('CKJ114', 'CKJ', 'CIKAJANG', 'CIBODAS'),
('CKJ115', 'CKJ', 'CIKAJANG', 'CIKAJANG'),
('CKJ116', 'CKJ', 'CIKAJANG', 'CIKANDANG'),
('CKJ117', 'CKJ', 'CIKAJANG', 'CIPANGRAMATAN'),
('CKJ118', 'CKJ', 'CIKAJANG', 'GIRIAWAS'),
('CKJ119', 'CKJ', 'CIKAJANG', 'GIRIJAYA'),
('CKJ120', 'CKJ', 'CIKAJANG', 'KARAMATWANGI'),
('CKJ121', 'CKJ', 'CIKAJANG', 'MARGAMULYA'),
('CKJ122', 'CKJ', 'CIKAJANG', 'MEKARJAYA'),
('CKJ123', 'CKJ', 'CIKAJANG', 'MEKARSARI'),
('CKJ124', 'CKJ', 'CIKAJANG', 'PADASUKA'),
('CKJ125', 'CKJ', 'CIKAJANG', 'SIMPANG'),
('CKT126', 'CKT', 'CIKELET', 'AWASSAGARA'),
('CKT127', 'CKT', 'CIKELET', 'CIGADOG'),
('CKT128', 'CKT', 'CIKELET', 'CIJAMBE'),
('CKT129', 'CKT', 'CIKELET', 'CIKELET'),
('CKT130', 'CKT', 'CIKELET', 'CIROYOM'),
('CKT131', 'CKT', 'CIKELET', 'GIRIMUKTI'),
('CKT132', 'CKT', 'CIKELET', 'KARANGSARI'),
('CKT133', 'CKT', 'CIKELET', 'KERTAMUKTI'),
('CKT134', 'CKT', 'CIKELET', 'LINGGAMANIK'),
('CKT135', 'CKT', 'CIKELET', 'PAMALAYAN'),
('CKT136', 'CKT', 'CIKELET', 'TIPAR'),
('CLU137', 'CLU', 'CILAWU', 'CILAWU'),
('CLU138', 'CLU', 'CILAWU', 'DANGIANG'),
('CLU139', 'CLU', 'CILAWU', 'DAWUNGSARI'),
('CLU140', 'CLU', 'CILAWU', 'DAYEUHMANGGUNG'),
('CLU141', 'CLU', 'CILAWU', 'DESAKOLOT'),
('CLU142', 'CLU', 'CILAWU', 'KARYAMEKAR'),
('CLU143', 'CLU', 'CILAWU', 'MANGKURAYAT'),
('CLU144', 'CLU', 'CILAWU', 'MARGALAKSANA'),
('CLU145', 'CLU', 'CILAWU', 'MEKARMUKTI'),
('CLU146', 'CLU', 'CILAWU', 'MEKARSARI'),
('CLU147', 'CLU', 'CILAWU', 'NGAMPLANG'),
('CLU148', 'CLU', 'CILAWU', 'NGAMPLANGSARI'),
('CLU149', 'CLU', 'CILAWU', 'PASANGGRAHAN'),
('CLU150', 'CLU', 'CILAWU', 'SUKAHATI'),
('CLU151', 'CLU', 'CILAWU', 'SUKAMAJU'),
('CLU152', 'CLU', 'CILAWU', 'SUKAMUKTI'),
('CLU153', 'CLU', 'CILAWU', 'SUKAMURNI'),
('CLU154', 'CLU', 'CILAWU', 'SUKATANI'),
('COT164', 'COT', 'CISOMPET', 'CIHAURKUNING'),
('COT165', 'COT', 'CISOMPET', 'CIKONDANG'),
('COT166', 'COT', 'CISOMPET', 'CISOMPET'),
('COT167', 'COT', 'CISOMPET', 'DEPOK'),
('COT168', 'COT', 'CISOMPET', 'JATISARI'),
('COT169', 'COT', 'CISOMPET', 'MARGAMULYA'),
('COT170', 'COT', 'CISOMPET', 'NEGLASARI'),
('COT171', 'COT', 'CISOMPET', 'PANYINDANGAN'),
('COT172', 'COT', 'CISOMPET', 'SINDANGSARI'),
('COT173', 'COT', 'CISOMPET', 'SUKAMUKTI'),
('COT174', 'COT', 'CISOMPET', 'SUKANAGARA'),
('CSU155', 'CSU', 'CISEWU', 'CIKARANG'),
('CSU156', 'CSU', 'CISEWU', 'CISEWU'),
('CSU157', 'CSU', 'CISEWU', 'GIRIMUKTI'),
('CSU158', 'CSU', 'CISEWU', 'KARANGSEWU'),
('CSU159', 'CSU', 'CISEWU', 'MEKARSEWU'),
('CSU160', 'CSU', 'CISEWU', 'NYALINDUNG'),
('CSU161', 'CSU', 'CISEWU', 'PAMALAYAN'),
('CSU162', 'CSU', 'CISEWU', 'PANGGALIH'),
('CSU163', 'CSU', 'CISEWU', 'SUKAJAYA'),
('CUN175', 'CUN', 'CISURUPAN', 'BALEWANGI'),
('CUN176', 'CUN', 'CISURUPAN', 'CIDATAR'),
('CUN177', 'CUN', 'CISURUPAN', 'CINTAASIH'),
('CUN178', 'CUN', 'CISURUPAN', 'CIPAGANTI'),
('CUN179', 'CUN', 'CISURUPAN', 'CISERO'),
('CUN180', 'CUN', 'CISURUPAN', 'CISURUPAN'),
('CUN181', 'CUN', 'CISURUPAN', 'KARAMATWANGI'),
('CUN182', 'CUN', 'CISURUPAN', 'PAKUWON'),
('CUN183', 'CUN', 'CISURUPAN', 'PAMULIHAN'),
('CUN184', 'CUN', 'CISURUPAN', 'PANGAUBAN'),
('CUN185', 'CUN', 'CISURUPAN', 'SIMPANGSARI'),
('CUN186', 'CUN', 'CISURUPAN', 'SIRNAGALIH'),
('CUN187', 'CUN', 'CISURUPAN', 'SIRNAJAYA'),
('CUN188', 'CUN', 'CISURUPAN', 'SITUSARI'),
('CUN189', 'CUN', 'CISURUPAN', 'SUKATANI'),
('CUN190', 'CUN', 'CISURUPAN', 'SUKAWARGI'),
('CUN191', 'CUN', 'CISURUPAN', 'TAMBAKBAYA'),
('GUA192', 'GUA', 'GARUTKOTA', 'CIMUNCANG'),
('GUA193', 'GUA', 'GARUTKOTA', 'CIWALEN'),
('GUA194', 'GUA', 'GARUTKOTA', 'KOTAKULON'),
('GUA195', 'GUA', 'GARUTKOTA', 'KOTAWETAN'),
('GUA196', 'GUA', 'GARUTKOTA', 'MARGAWATI'),
('GUA197', 'GUA', 'GARUTKOTA', 'MUARA SANDING'),
('GUA198', 'GUA', 'GARUTKOTA', 'PAKUWON'),
('GUA199', 'GUA', 'GARUTKOTA', 'PAMINGGIR'),
('GUA200', 'GUA', 'GARUTKOTA', 'REGOL'),
('GUA201', 'GUA', 'GARUTKOTA', 'SUKAMANTRI'),
('GUA202', 'GUA', 'GARUTKOTA', 'SUKANEGLA'),
('KAH241', 'KAH', 'KERSAMANAH', 'GIRIJAYA'),
('KAH242', 'KAH', 'KERSAMANAH', 'KERSAMANAH'),
('KAH243', 'KAH', 'KERSAMANAH', 'MEKARRAYA'),
('KAH244', 'KAH', 'KERSAMANAH', 'NANJUNGJAYA'),
('KAH245', 'KAH', 'KERSAMANAH', 'SUKAMAJU'),
('KAH246', 'KAH', 'KERSAMANAH', 'SUKAMERANG'),
('KGH237', 'KGH', 'KARANGTENGAH', 'CARINGIN'),
('KGH238', 'KGH', 'KARANGTENGAH', 'CINTA'),
('KGH239', 'KGH', 'KARANGTENGAH', 'CINTAMANIK'),
('KGH240', 'KGH', 'KARANGTENGAH', 'SINDANGGALIH'),
('KGN217', 'KGN', 'KARANGPAWITAN', 'CIMURAH'),
('KGN218', 'KGN', 'KARANGPAWITAN', 'GODOG'),
('KGN219', 'KGN', 'KARANGPAWITAN', 'JATISARI'),
('KGN220', 'KGN', 'KARANGPAWITAN', 'KARANGMULYA'),
('KGN221', 'KGN', 'KARANGPAWITAN', 'KARANGPAWITAN'),
('KGN222', 'KGN', 'KARANGPAWITAN', 'KARANGSARI'),
('KGN223', 'KGN', 'KARANGPAWITAN', 'LEBAKAGUNG'),
('KGN224', 'KGN', 'KARANGPAWITAN', 'LEBAKJAYA'),
('KGN225', 'KGN', 'KARANGPAWITAN', 'LENGKONGJAYA'),
('KGN226', 'KGN', 'KARANGPAWITAN', 'MEKARSARI'),
('KGN227', 'KGN', 'KARANGPAWITAN', 'SINDANGGALIH'),
('KGN228', 'KGN', 'KARANGPAWITAN', 'SINDANGLAYA'),
('KGN229', 'KGN', 'KARANGPAWITAN', 'SINDANGPALAY'),
('KGN230', 'KGN', 'KARANGPAWITAN', 'SITUGEDE'),
('KGN231', 'KGN', 'KARANGPAWITAN', 'SITUJAYA'),
('KGN232', 'KGN', 'KARANGPAWITAN', 'SITUSAEUR'),
('KGN233', 'KGN', 'KARANGPAWITAN', 'SITUSARI'),
('KGN234', 'KGN', 'KARANGPAWITAN', 'SUCI'),
('KGN235', 'KGN', 'KARANGPAWITAN', 'SUCIKALER'),
('KGN236', 'KGN', 'KARANGPAWITAN', 'TANJUNGSARI'),
('KUA203', 'KUA', 'KADUNGORA', 'CIKEMBULAN'),
('KUA204', 'KUA', 'KADUNGORA', 'CISAAT'),
('KUA205', 'KUA', 'KADUNGORA', 'GANDAMEKAR'),
('KUA206', 'KUA', 'KADUNGORA', 'HARUMANSARI'),
('KUA207', 'KUA', 'KADUNGORA', 'HEGARSARI'),
('KUA208', 'KUA', 'KADUNGORA', 'KADUNGORA'),
('KUA209', 'KUA', 'KADUNGORA', 'KARANGMULYA'),
('KUA210', 'KUA', 'KADUNGORA', 'KARANGTENGAH'),
('KUA211', 'KUA', 'KADUNGORA', 'MANDALASARI'),
('KUA212', 'KUA', 'KADUNGORA', 'MEKARBAKTI'),
('KUA213', 'KUA', 'KADUNGORA', 'NEGLASARI'),
('KUA214', 'KUA', 'KADUNGORA', 'RANCASALAK'),
('KUA215', 'KUA', 'KADUNGORA', 'TALAGASARI'),
('KUA216', 'KUA', 'KADUNGORA', 'TANGGULUN'),
('LES247', 'LES', 'LELES', 'CANGKUANG'),
('LES248', 'LES', 'LELES', 'CIBURIAL'),
('LES249', 'LES', 'LELES', 'CIPANCAR'),
('LES250', 'LES', 'LELES', 'DANO'),
('LES251', 'LES', 'LELES', 'HARUMAN'),
('LES252', 'LES', 'LELES', 'JANGKURANG'),
('LES253', 'LES', 'LELES', 'KANDANGMUKTI'),
('LES254', 'LES', 'LELES', 'LELES'),
('LES255', 'LES', 'LELES', 'LEMBANG'),
('LES256', 'LES', 'LELES', 'MARGALUYU'),
('LES257', 'LES', 'LELES', 'SALAMNUNGGAL'),
('LES258', 'LES', 'LELES', 'SUKARAME'),
('LIG259', 'LIG', 'LEUWIGOONG', 'DUNGUSIKU'),
('LIG260', 'LIG', 'LEUWIGOONG', 'KARANGANYAR'),
('LIG261', 'LIG', 'LEUWIGOONG', 'KARANGSARI'),
('LIG262', 'LIG', 'LEUWIGOONG', 'LEUWIGOONG'),
('LIG263', 'LIG', 'LEUWIGOONG', 'MARGACINTA'),
('LIG264', 'LIG', 'LEUWIGOONG', 'MARGAHAYU'),
('LIG265', 'LIG', 'LEUWIGOONG', 'SINDANGSARI'),
('LIG266', 'LIG', 'LEUWIGOONG', 'TAMBAKSARI'),
('MNG267', 'MNG', 'MALANGBONG', 'BARUDUA'),
('MNG268', 'MNG', 'MALANGBONG', 'BUNISARI'),
('MNG269', 'MNG', 'MALANGBONG', 'CAMPAKA'),
('MNG270', 'MNG', 'MALANGBONG', 'CIBUNAR'),
('MNG271', 'MNG', 'MALANGBONG', 'CIHAURKUNING'),
('MNG272', 'MNG', 'MALANGBONG', 'CIKARAG'),
('MNG273', 'MNG', 'MALANGBONG', 'CILAMPUYANG'),
('MNG274', 'MNG', 'MALANGBONG', 'CINAGARA'),
('MNG275', 'MNG', 'MALANGBONG', 'CISITU'),
('MNG276', 'MNG', 'MALANGBONG', 'CITERAS'),
('MNG277', 'MNG', 'MALANGBONG', 'GIRIMAKMUR'),
('MNG278', 'MNG', 'MALANGBONG', 'KARANGMULYA'),
('MNG279', 'MNG', 'MALANGBONG', 'KUTANAGARA'),
('MNG280', 'MNG', 'MALANGBONG', 'LEWOBARU'),
('MNG281', 'MNG', 'MALANGBONG', 'MALANGBONG'),
('MNG282', 'MNG', 'MALANGBONG', 'MEKAR MULYA'),
('MNG283', 'MNG', 'MALANGBONG', 'MEKARASIH'),
('MNG284', 'MNG', 'MALANGBONG', 'SAKAWAYANA'),
('MNG285', 'MNG', 'MALANGBONG', 'SANDING'),
('MNG286', 'MNG', 'MALANGBONG', 'SEKARWANGI'),
('MNG287', 'MNG', 'MALANGBONG', 'SUKAJAYA'),
('MNG288', 'MNG', 'MALANGBONG', 'SUKAMANAH'),
('MNG289', 'MNG', 'MALANGBONG', 'SUKARASA'),
('MNG290', 'MNG', 'MALANGBONG', 'SUKARATU'),
('MRI291', 'MRI', 'MEKARMUKTI', 'CIJAYANA'),
('MRI292', 'MRI', 'MEKARMUKTI', 'JAGABAYA'),
('MRI293', 'MRI', 'MEKARMUKTI', 'KARANGWANGI'),
('MRI294', 'MRI', 'MEKARMUKTI', 'MEKARMUKTI'),
('MRI295', 'MRI', 'MEKARMUKTI', 'MEKARSARI'),
('PAN322', 'PAN', 'PANGATIKAN', 'BABAKANLOA'),
('PAN323', 'PAN', 'PANGATIKAN', 'CIHUNI'),
('PAN324', 'PAN', 'PANGATIKAN', 'CIMARAGAS'),
('PAN325', 'PAN', 'PANGATIKAN', 'CITANGTU'),
('PAN326', 'PAN', 'PANGATIKAN', 'KARANGSARI'),
('PAN327', 'PAN', 'PANGATIKAN', 'SUKAHURIP'),
('PAN328', 'PAN', 'PANGATIKAN', 'SUKAMULYA'),
('PAN329', 'PAN', 'PANGATIKAN', 'SUKARASA'),
('PEG296', 'PEG', 'PAKENJENG', 'DEPOK'),
('PEG297', 'PEG', 'PAKENJENG', 'JATIWANGI'),
('PEG298', 'PEG', 'PAKENJENG', 'JAYAMEKAR'),
('PEG299', 'PEG', 'PAKENJENG', 'KARANGSARI'),
('PEG300', 'PEG', 'PAKENJENG', 'NEGLASARI'),
('PEG301', 'PEG', 'PAKENJENG', 'PANYINDANGAN'),
('PEG302', 'PEG', 'PAKENJENG', 'PASIRLANGU'),
('PEG303', 'PEG', 'PAKENJENG', 'SUKAMULYA'),
('PEG304', 'PEG', 'PAKENJENG', 'TALAGAWANGI'),
('PEG305', 'PEG', 'PAKENJENG', 'TANJUNGJAYA'),
('PEG306', 'PEG', 'PAKENJENG', 'TANJUNGMULYA'),
('PEG307', 'PEG', 'PAKENJENG', 'TEGALGEDE'),
('PEG308', 'PEG', 'PAKENJENG', 'WANGUNJAYA'),
('PNY342', 'PNY', 'PEUNDEUY', 'PANGRUMASAN'),
('PNY343', 'PNY', 'PEUNDEUY', 'PEUNDEUY'),
('PNY344', 'PNY', 'PEUNDEUY', 'PURWAJAYA'),
('PNY345', 'PNY', 'PEUNDEUY', 'SARIBAKTI'),
('PNY346', 'PNY', 'PEUNDEUY', 'SUKANAGARA'),
('PNY347', 'PNY', 'PEUNDEUY', 'TOBLONG'),
('PRI330', 'PRI', 'PASIRWANGI', 'BARUSARI'),
('PRI331', 'PRI', 'PASIRWANGI', 'KARYAMEKAR'),
('PRI332', 'PRI', 'PASIRWANGI', 'PADAASIH'),
('PRI333', 'PRI', 'PASIRWANGI', 'PADAAWAS'),
('PRI334', 'PRI', 'PASIRWANGI', 'PADAMUKTI'),
('PRI335', 'PRI', 'PASIRWANGI', 'PADAMULYA'),
('PRI336', 'PRI', 'PASIRWANGI', 'PADASUKA'),
('PRI337', 'PRI', 'PASIRWANGI', 'PASIRKIAMIS'),
('PRI338', 'PRI', 'PASIRWANGI', 'PASIRWANGI'),
('PRI339', 'PRI', 'PASIRWANGI', 'SARIMUKTI'),
('PRI340', 'PRI', 'PASIRWANGI', 'SIRNAJAYA'),
('PRI341', 'PRI', 'PASIRWANGI', 'TALAGA'),
('PUK309', 'PUK', 'PAMEUNGPEUK', 'BOJONG'),
('PUK310', 'PUK', 'PAMEUNGPEUK', 'BOJONGKIDUL'),
('PUK311', 'PUK', 'PAMEUNGPEUK', 'JATIMULYA'),
('PUK312', 'PUK', 'PAMEUNGPEUK', 'MANCAGAHAR'),
('PUK313', 'PUK', 'PAMEUNGPEUK', 'MANDALAKASIH'),
('PUK314', 'PUK', 'PAMEUNGPEUK', 'PAAS'),
('PUK315', 'PUK', 'PAMEUNGPEUK', 'PAMEUNGPEUK'),
('PUK316', 'PUK', 'PAMEUNGPEUK', 'SIRNABAKTI'),
('PUN317', 'PUN', 'PAMULIHAN', 'GARUMUKTI'),
('PUN318', 'PUN', 'PAMULIHAN', 'LINGGARJATI'),
('PUN319', 'PUN', 'PAMULIHAN', 'PAKENJENG'),
('PUN320', 'PUN', 'PAMULIHAN', 'PANANJUNG'),
('PUN321', 'PUN', 'PAMULIHAN', 'PANAWA'),
('SAG348', 'SAG', 'SAMARANG', 'CINTAASIH'),
('SAG349', 'SAG', 'SAMARANG', 'CINTAKARYA'),
('SAG350', 'SAG', 'SAMARANG', 'CINTARASA'),
('SAG351', 'SAG', 'SAMARANG', 'CINTARAYAT'),
('SAG352', 'SAG', 'SAMARANG', 'CISARUA'),
('SAG353', 'SAG', 'SAMARANG', 'PARAKAN'),
('SAG354', 'SAG', 'SAMARANG', 'SAMARANG'),
('SAG355', 'SAG', 'SAMARANG', 'SIRNASARI'),
('SAG356', 'SAG', 'SAMARANG', 'SUKAKARYA'),
('SAG357', 'SAG', 'SAMARANG', 'SUKALAKSANA'),
('SAG358', 'SAG', 'SAMARANG', 'SUKARASA'),
('SAG359', 'SAG', 'SAMARANG', 'TANJUNG KARYA'),
('SAG360', 'SAG', 'SAMARANG', 'TANJUNGANOM'),
('SAI384', 'SAI', 'SUKARESMI', 'CINTADAMAI'),
('SAI385', 'SAI', 'SUKARESMI', 'MEKARJAYA'),
('SAI386', 'SAI', 'SUKARESMI', 'PADAMUKTI'),
('SAI387', 'SAI', 'SUKARESMI', 'SUKAJAYA'),
('SAI388', 'SAI', 'SUKARESMI', 'SUKALILAH'),
('SAI389', 'SAI', 'SUKARESMI', 'SUKAMULYA'),
('SAI390', 'SAI', 'SUKARESMI', 'SUKARESMI'),
('SGA368', 'SGA', 'SINGAJAYA', 'CIGINTUNG'),
('SGA369', 'SGA', 'SINGAJAYA', 'CIUDIAN'),
('SGA370', 'SGA', 'SINGAJAYA', 'GIRIMUKTI'),
('SGA371', 'SGA', 'SINGAJAYA', 'KARANGAGUNG'),
('SGA372', 'SGA', 'SINGAJAYA', 'MEKARTANI'),
('SGA373', 'SGA', 'SINGAJAYA', 'PANCASURA'),
('SGA374', 'SGA', 'SINGAJAYA', 'SINGAJAYA'),
('SGA375', 'SGA', 'SINGAJAYA', 'SUKAMULYA'),
('SGA376', 'SGA', 'SINGAJAYA', 'SUKAWANGI'),
('SLI361', 'SLI', 'SELAAWI', 'CIGAWIR'),
('SLI362', 'SLI', 'SELAAWI', 'CIRAPUHAN'),
('SLI363', 'SLI', 'SELAAWI', 'MEKARSARI'),
('SLI364', 'SLI', 'SELAAWI', 'PELITAASIH'),
('SLI365', 'SLI', 'SELAAWI', 'PUTRAJAWA'),
('SLI366', 'SLI', 'SELAAWI', 'SAMIDA'),
('SLI367', 'SLI', 'SELAAWI', 'SELAAWI'),
('SNA377', 'SNA', 'SUCINARAJA', 'CIGADOG'),
('SNA378', 'SNA', 'SUCINARAJA', 'LINGGAMUKTI'),
('SNA379', 'SNA', 'SUCINARAJA', 'SADANG'),
('SNA380', 'SNA', 'SUCINARAJA', 'SUKALAKSANA'),
('SNA381', 'SNA', 'SUCINARAJA', 'SUKARATU'),
('SNA382', 'SNA', 'SUCINARAJA', 'TEGALPANJANG'),
('SNA383', 'SNA', 'SUCINARAJA', 'TENJONAGARA'),
('SWG391', 'SWG', 'SUKAWENING', 'MARIPARI'),
('SWG392', 'SWG', 'SUKAWENING', 'MEKARHURIP'),
('SWG393', 'SWG', 'SUKAWENING', 'MEKARLUYU'),
('SWG394', 'SWG', 'SUKAWENING', 'MEKARWANGI'),
('SWG395', 'SWG', 'SUKAWENING', 'PASANGGRAHAN'),
('SWG396', 'SWG', 'SUKAWENING', 'SUDALARANG'),
('SWG397', 'SWG', 'SUKAWENING', 'SUKAHAJI'),
('SWG398', 'SWG', 'SUKAWENING', 'SUKALUYU'),
('SWG399', 'SWG', 'SUKAWENING', 'SUKAMUKTI'),
('SWG400', 'SWG', 'SUKAWENING', 'SUKASONO'),
('SWG401', 'SWG', 'SUKAWENING', 'SUKAWENING'),
('TEG402', 'TEG', 'TALEGONG', 'MEKARMUKTI'),
('TEG403', 'TEG', 'TALEGONG', 'MEKARMULYA'),
('TEG404', 'TEG', 'TALEGONG', 'MEKARWANGI'),
('TEG405', 'TEG', 'TALEGONG', 'SELAAWI'),
('TEG406', 'TEG', 'TALEGONG', 'SUKALAKSANA'),
('TEG407', 'TEG', 'TALEGONG', 'SUKAMAJU'),
('TEG408', 'TEG', 'TALEGONG', 'SUKAMULYA'),
('TOL422', 'TOL', 'TAROGONGKIDUL', 'CIBUNAR'),
('TOL423', 'TOL', 'TAROGONGKIDUL', 'HAURPANGGUNG'),
('TOL424', 'TOL', 'TAROGONGKIDUL', 'JAYARAGA'),
('TOL425', 'TOL', 'TAROGONGKIDUL', 'JAYAWARAS'),
('TOL426', 'TOL', 'TAROGONGKIDUL', 'KERSAMENAK'),
('TOL427', 'TOL', 'TAROGONGKIDUL', 'MEKARGALIH'),
('TOL428', 'TOL', 'TAROGONGKIDUL', 'PATARUMAN'),
('TOL429', 'TOL', 'TAROGONGKIDUL', 'SUKABAKTI'),
('TOL430', 'TOL', 'TAROGONGKIDUL', 'SUKAGALIH'),
('TOL431', 'TOL', 'TAROGONGKIDUL', 'SUKAJAYA'),
('TOL432', 'TOL', 'TAROGONGKIDUL', 'SUKAKARYA'),
('TOL433', 'TOL', 'TAROGONGKIDUL', 'TAROGONG'),
('TOR409', 'TOR', 'TAROGONGKALER', 'CIMANGANTEN'),
('TOR410', 'TOR', 'TAROGONGKALER', 'JATI'),
('TOR411', 'TOR', 'TAROGONGKALER', 'LANGENSARI'),
('TOR412', 'TOR', 'TAROGONGKALER', 'MEKARJAYA'),
('TOR413', 'TOR', 'TAROGONGKALER', 'MEKARWANGI'),
('TOR414', 'TOR', 'TAROGONGKALER', 'PANANJUNG'),
('TOR415', 'TOR', 'TAROGONGKALER', 'PANJIWANGI'),
('TOR416', 'TOR', 'TAROGONGKALER', 'PASAWAHAN'),
('TOR417', 'TOR', 'TAROGONGKALER', 'RANCABANGO'),
('TOR418', 'TOR', 'TAROGONGKALER', 'SIRNAJAYA'),
('TOR419', 'TOR', 'TAROGONGKALER', 'SUKAJADI'),
('TOR420', 'TOR', 'TAROGONGKALER', 'SUKAWANGI'),
('TOR421', 'TOR', 'TAROGONGKALER', 'TANJUNGKAMUNING'),
('WAA434', 'WAA', 'WANARAJA', 'CINUNUK'),
('WAA435', 'WAA', 'WANARAJA', 'SINDANGMEKAR'),
('WAA436', 'WAA', 'WANARAJA', 'SINDANGPRABU'),
('WAA437', 'WAA', 'WANARAJA', 'SINDANGRATU'),
('WAA438', 'WAA', 'WANARAJA', 'SUKAMENAK'),
('WAA439', 'WAA', 'WANARAJA', 'WANAJAYA'),
('WAA440', 'WAA', 'WANARAJA', 'WANAMEKAR'),
('WAA441', 'WAA', 'WANARAJA', 'WANARAJA'),
('WAA442', 'WAA', 'WANARAJA', 'WANASARI');

-- --------------------------------------------------------

--
-- Table structure for table `data_update`
--

CREATE TABLE `data_update` (
  `nama` varchar(20) NOT NULL,
  `status` varchar(100) NOT NULL
) ENGINE=InnoDB DEFAULT CHARSET=latin1;

--
-- Dumping data for table `data_update`
--

INSERT INTO `data_update` (`nama`, `status`) VALUES
('agen', '2018-08-23 11:44:51am'),
('edc', '13 Agustus 2018 10:00 PM'),
('bpnt', '13 Agustus 2018 09:30 PM'),
('mou', '13 Agustus 2018 10:30 PM');

--
-- Indexes for dumped tables
--

--
-- Indexes for table `agen`
--
ALTER TABLE `agen`
  ADD PRIMARY KEY (`kode_agen`);

--
-- Indexes for table `agen_temp`
--
ALTER TABLE `agen_temp`
  ADD PRIMARY KEY (`kode_agen`);

--
-- Indexes for table `data_kecamatan`
--
ALTER TABLE `data_kecamatan`
  ADD PRIMARY KEY (`kode_kecamatan`);

--
-- Indexes for table `data_kelurahan`
--
ALTER TABLE `data_kelurahan`
  ADD PRIMARY KEY (`kode_kelurahan`);
COMMIT;

/*!40101 SET CHARACTER_SET_CLIENT=@OLD_CHARACTER_SET_CLIENT */;
/*!40101 SET CHARACTER_SET_RESULTS=@OLD_CHARACTER_SET_RESULTS */;
/*!40101 SET COLLATION_CONNECTION=@OLD_COLLATION_CONNECTION */;
